user_id,item_id
1,31
1,4
1,14
1,30
1,16
1,32
1,9
1,27
1,7
1,1
1,33
1,43
1,51
1,49
1,54
1,55
1,56
1,52
1,64
1,95
1,81
1,89
1,112
1,113
1,120
1,127
1,134
1,130
1,121
1,122
1,132
1,139
1,167
1,159
1,162
2,27
2,33
2,38
2,4
2,36
2,9
2,42
2,11
2,2
2,28
2,7
2,18
2,43
2,51
2,56
2,44
2,49
2,52
2,54
2,61
2,77
2,70
2,98
2,81
2,86
2,97
2,90
2,88
2,100
2,104
2,85
2,102
2,103
2,80
2,83
2,89
2,84
2,120
2,109
2,112
2,115
2,116
2,113
2,127
2,132
2,124
2,130
2,123
2,126
2,134
2,135
2,149
2,174
2,162
2,165
2,161
3,1
3,21
3,2
3,33
3,3
3,4
3,32
3,30
3,38
3,22
3,28
3,43
3,52
3,45
3,61
3,103
3,85
3,101
3,88
3,91
3,105
3,84
3,83
3,86
3,120
3,109
3,113
3,130
3,122
3,121
3,139
3,167
3,161
4,15
4,16
4,11
4,35
4,1
4,9
4,30
4,28
4,36
4,27
4,14
4,13
4,17
4,33
4,7
4,37
4,43
4,49
4,51
4,47
4,54
4,52
4,56
4,66
4,72
4,61
4,83
4,93
4,81
4,84
4,86
4,95
4,104
4,88
4,91
4,87
4,120
4,121
4,127
4,130
4,133
4,139
4,162
5,11
5,33
5,23
5,41
5,21
5,6
5,10
5,7
5,17
5,4
5,22
5,30
5,1
5,28
5,18
5,54
5,55
5,47
5,61
5,79
5,72
5,85
5,93
5,100
5,83
5,104
5,97
5,89
5,96
5,105
5,102
5,91
5,98
5,88
5,84
5,87
5,86
5,80
5,120
5,113
5,121
5,134
5,149
5,164
5,162
5,161
5,159
6,27
6,39
6,30
6,17
6,15
6,41
6,38
6,42
6,2
6,16
6,10
6,25
6,13
6,23
6,11
6,33
6,4
6,5
6,21
6,22
6,35
6,6
6,1
6,9
6,7
6,56
6,49
6,51
6,47
6,55
6,52
6,54
6,43
6,44
6,72
6,61
6,79
6,104
6,102
6,101
6,98
6,95
6,80
6,100
6,106
6,84
6,88
6,83
6,94
6,99
6,86
6,93
6,87
6,105
6,96
6,91
6,103
6,97
6,120
6,113
6,111
6,135
6,126
6,133
6,134
6,121
6,125
6,146
6,167
6,162
6,164
6,159
7,13
7,9
7,19
7,1
7,33
7,11
7,16
7,6
7,10
7,29
7,36
7,37
7,32
7,17
7,5
7,30
7,43
7,49
7,55
7,56
7,54
7,52
7,57
7,61
7,72
7,95
7,86
7,84
7,120
7,113
7,125
7,157
7,162
7,161
7,159
7,167
8,6
8,41
8,40
8,10
8,32
8,42
8,2
8,9
8,4
8,1
8,11
8,15
8,22
8,23
8,30
8,35
8,38
8,33
8,43
8,51
8,55
8,49
8,52
8,79
8,61
8,84
8,80
8,97
8,105
8,107
8,96
8,102
8,91
8,83
8,98
8,104
8,85
8,87
8,86
8,106
8,89
8,92
8,88
8,95
8,100
8,103
8,113
8,109
8,120
8,132
8,126
8,123
8,127
8,135
8,134
8,146
8,162
8,161
9,17
9,26
9,25
9,49
9,56
9,50
9,61
9,106
9,83
9,93
9,119
9,112
9,132
9,130
9,152
9,139
9,170
10,0
10,1
10,2
10,3
10,4
10,5
10,6
10,7
10,8
10,9
10,10
10,11
10,12
10,13
10,14
10,15
10,16
10,17
10,18
10,19
10,20
10,21
10,22
10,23
10,24
10,25
10,26
10,27
10,28
10,29
10,30
10,31
10,32
10,33
10,34
10,35
10,36
10,37
10,38
10,39
10,40
10,41
10,42
10,43
10,44
10,45
10,46
10,47
10,48
10,49
10,50
10,51
10,52
10,53
10,54
10,55
10,56
10,57
10,58
10,59
10,60
10,61
10,62
10,63
10,64
10,65
10,66
10,67
10,68
10,69
10,70
10,71
10,72
11,0
11,1
11,2
11,3
11,4
11,5
11,6
11,7
11,8
11,9
11,10
11,11
11,12
11,13
11,14
11,15
11,16
11,17
11,18
11,19
11,20
11,21
11,22
11,23
11,24
11,25
11,26
11,27
11,28
11,29
11,30
11,31
11,32
11,33
11,34
11,35
11,36
11,37
11,38
11,39
11,40
12,0
12,1
12,2
12,3
12,4
12,5
12,6
12,7
12,8
12,9
12,10
12,11
12,12
13,0
13,1
13,2
13,3
13,4
13,5
13,6
13,7
13,8
14,19
14,35
14,37
14,55
14,46
14,67
14,95
14,92
14,103
14,112
14,133
14,146
14,165
15,11
15,31
15,6
15,43
15,66
15,99
15,95
15,82
15,112
15,131
15,153
15,173
16,36
16,34
16,25
16,51
16,73
16,83
16,108
16,85
16,109
16,130
16,140
16,177
17,165
18,32
18,23
18,15
18,1
18,10
18,13
18,6
18,33
18,24
18,40
18,38
18,5
18,36
18,4
18,22
18,11
18,7
18,16
18,51
18,52
18,46
18,49
18,43
18,57
18,69
18,70
18,71
18,61
18,84
18,85
18,95
18,80
18,82
18,94
18,91
18,86
18,97
18,103
18,96
18,101
18,105
18,108
18,87
18,104
18,88
18,109
18,120
18,113
18,122
18,124
18,149
18,165
18,162
18,167
19,15
19,35
19,37
19,69
19,104
19,91
19,86
19,115
19,125
19,134
19,128
19,140
19,178
20,36
20,11
20,27
20,4
20,41
20,15
20,1
20,18
20,3
20,6
20,8
20,33
20,34
20,43
20,51
20,49
20,54
20,66
20,81
20,86
20,84
20,109
20,115
20,120
20,116
20,134
20,180
20,162
21,25
21,31
21,10
21,3
21,6
21,2
21,22
21,7
21,23
21,1
21,16
21,41
21,19
21,28
21,4
21,38
21,33
21,39
21,40
21,49
21,43
21,51
21,54
21,52
21,44
21,55
21,56
21,45
21,72
21,74
21,68
21,96
21,94
21,91
21,93
21,86
21,85
21,88
21,107
21,83
21,87
21,90
21,104
21,84
21,103
21,102
21,82
21,114
21,120
21,113
21,116
21,119
21,109
21,134
21,132
21,139
21,164
21,174
21,162
21,167
22,6
22,13
22,7
22,26
22,35
22,43
22,56
22,49
22,46
22,45
22,55
22,51
22,70
22,79
22,57
22,64
22,61
22,96
22,84
22,91
22,119
22,109
22,113
22,120
22,135
22,130
22,133
22,125
22,146
22,157
22,180
22,149
22,142
22,161
22,174
22,172
22,167
22,159
22,162
22,165
22,178
23,38
23,29
23,30
23,17
23,1
23,7
23,31
23,40
23,15
23,5
23,13
23,16
23,33
23,26
23,51
23,49
23,46
23,52
23,43
23,70
23,57
23,79
23,71
23,68
23,66
23,61
23,72
23,59
23,86
23,91
23,84
23,103
23,119
23,120
23,113
23,114
23,130
23,135
23,134
23,126
23,122
23,127
23,125
23,180
23,150
23,140
23,149
23,156
23,178
23,174
23,159
23,162
23,167
24,28
24,30
24,4
24,9
24,40
24,1
24,16
24,11
24,33
24,36
24,43
24,55
24,49
24,72
24,93
24,81
24,91
24,86
24,87
24,84
24,104
24,115
24,120
24,109
24,113
24,124
24,180
24,159
24,162
25,6
25,35
25,4
25,36
25,16
25,40
25,15
25,11
25,7
25,37
25,5
25,38
25,28
25,13
25,1
25,9
25,30
25,33
25,17
25,53
25,43
25,52
25,49
25,56
25,51
25,70
25,66
25,68
25,57
25,86
25,103
25,120
25,111
25,109
25,115
25,119
25,114
25,124
25,150
25,162
25,172
25,174
25,167
26,6
26,16
26,20
26,40
26,11
26,54
26,49
26,45
26,70
26,79
26,57
26,91
26,84
26,103
26,85
26,104
26,86
26,111
26,113
26,120
26,109
26,118
26,116
26,127
26,123
26,125
26,131
26,132
26,121
26,136
26,134
26,126
26,124
26,128
26,130
26,135
26,122
26,140
26,152
26,150
26,156
26,137
26,139
26,149
26,161
26,162
26,159
26,164
26,166
26,167
27,7
27,33
27,38
27,15
27,36
27,16
27,43
27,52
27,56
27,49
27,54
27,120
27,113
27,109
27,124
27,180
27,159
27,162
28,6
28,13
28,38
28,18
28,16
28,11
28,36
28,12
28,1
28,35
28,33
28,40
28,15
28,9
28,34
28,8
28,20
28,26
28,30
28,7
28,29
28,28
28,37
28,55
28,52
28,43
28,51
28,56
28,54
28,49
28,73
28,79
28,61
28,99
28,93
28,104
28,86
28,89
28,91
28,84
28,103
28,82
28,95
28,115
28,113
28,109
28,120
28,111
28,119
28,114
28,124
28,145
28,156
28,140
28,139
28,180
28,137
28,142
28,150
28,159
28,162
28,168
28,167
28,161
29,1
29,30
29,35
29,16
29,19
29,23
29,9
29,20
29,15
29,41
29,36
29,24
29,38
29,4
29,10
29,28
29,11
29,33
29,7
29,22
29,40
29,2
29,5
29,45
29,46
29,43
29,52
29,49
29,51
29,70
29,98
29,105
29,101
29,81
29,104
29,94
29,107
29,96
29,84
29,97
29,95
29,91
29,102
29,87
29,90
29,99
29,80
29,100
29,86
29,89
29,83
29,92
29,109
29,111
29,115
29,120
29,113
29,122
29,139
29,149
29,146
29,180
29,162
29,164
29,172
29,174
29,168
29,159
29,160
29,161
29,165
29,167
30,28
30,9
30,36
30,1
30,32
30,2
30,15
30,4
30,14
30,12
30,8
30,42
30,11
30,39
30,35
30,23
30,40
30,27
30,10
30,26
30,33
30,49
30,52
30,43
30,79
30,72
30,78
30,61
30,60
30,88
30,86
30,104
30,81
30,105
30,92
30,90
30,87
30,94
30,100
30,95
30,97
30,96
30,83
30,93
30,84
30,99
30,102
30,101
30,80
30,91
30,106
30,112
30,120
30,109
30,115
30,119
30,113
30,122
30,159
30,162
30,163
30,160
31,2
31,33
31,40
31,25
31,36
31,24
31,30
31,28
31,38
31,26
31,23
31,46
31,52
31,51
31,47
31,55
31,49
31,43
31,57
31,80
31,99
31,91
31,102
31,81
31,100
31,104
31,96
31,103
31,97
31,98
31,84
31,94
31,93
31,86
31,88
31,87
31,115
31,120
31,113
31,135
31,125
31,136
31,127
31,126
31,122
31,132
31,180
31,146
31,164
31,162
31,161
31,159
32,33
32,8
32,31
32,11
32,40
32,10
32,7
32,23
32,13
32,38
32,25
32,1
32,35
32,24
32,42
32,29
32,6
32,30
32,28
32,12
32,5
32,4
32,3
32,36
32,15
32,9
32,39
32,26
32,16
32,22
32,45
32,43
32,55
32,52
32,56
32,49
32,46
32,54
32,51
32,44
32,79
32,72
32,61
32,68
32,59
32,62
32,75
32,181
32,66
32,71
32,73
32,74
32,58
32,70
32,107
32,84
32,86
32,90
32,85
32,105
32,91
32,101
32,108
32,94
32,104
32,89
32,83
32,102
32,88
32,97
32,87
32,99
32,96
32,93
32,111
32,120
32,110
32,119
32,115
32,113
32,114
32,127
32,130
32,121
32,133
32,124
32,126
32,135
32,131
32,125
32,123
32,122
32,134
32,138
32,149
32,146
32,139
32,142
32,158
32,160
32,161
32,167
32,159
32,168
32,162
32,164
32,174
32,165
33,11
33,37
33,33
33,5
33,26
33,16
33,30
33,18
33,15
33,6
33,38
33,28
33,40
33,54
33,43
33,45
33,49
33,46
33,51
33,61
33,99
33,81
33,103
33,86
33,111
33,140
33,145
33,159
33,174
33,178
33,167
33,166
33,165
33,164
33,172
33,162
33,161
34,30
34,15
34,32
34,36
34,35
34,6
34,40
34,16
34,33
34,4
34,7
34,18
34,37
34,1
34,43
34,52
34,49
34,72
34,58
34,66
34,76
34,89
34,93
34,108
34,87
34,84
34,104
34,86
34,91
34,99
34,85
34,120
34,111
34,113
34,118
34,109
34,121
34,132
34,126
34,124
34,135
34,122
34,134
34,146
34,142
34,149
34,180
34,167
34,161
34,162
34,178
34,164
34,166
34,172
35,11
35,17
35,12
35,5
35,10
35,26
35,13
35,28
35,29
35,6
35,30
35,16
35,33
35,40
35,54
35,57
35,103
35,91
35,85
35,104
35,86
35,113
35,111
35,120
35,116
35,109
35,134
35,124
35,136
35,121
35,135
35,125
35,132
35,131
35,122
35,140
35,156
35,150
35,137
35,152
35,139
35,167
35,159
35,162
35,165
35,166
35,164
35,161
36,6
36,34
36,20
36,40
36,26
36,36
36,33
36,38
36,1
36,30
36,13
36,7
36,11
36,9
36,16
36,35
36,5
36,37
36,17
36,54
36,76
36,72
36,181
36,65
36,61
36,99
36,94
36,108
36,85
36,104
36,103
36,86
36,84
36,93
36,87
36,120
36,113
36,117
36,116
36,118
36,111
36,109
36,115
36,125
36,132
36,123
36,127
36,124
36,126
36,136
36,130
36,133
36,134
36,131
36,121
36,135
36,122
36,129
36,148
36,140
36,156
36,137
36,151
36,147
36,141
36,154
36,138
36,149
36,153
36,157
36,150
36,180
36,155
36,170
36,162
36,172
36,165
36,166
36,164
36,171
36,159
37,40
37,54
37,47
37,66
37,64
37,76
37,59
37,72
37,65
37,86
37,93
37,87
37,84
37,91
37,113
37,120
37,116
37,109
37,135
37,136
37,132
37,124
37,128
37,130
37,133
37,125
37,122
37,127
37,121
37,126
37,139
37,150
37,156
37,157
37,137
37,145
37,140
37,152
37,151
37,166
37,162
37,159
37,165
38,9
38,25
38,18
38,40
38,11
38,5
38,32
38,22
38,27
38,17
38,36
38,14
38,21
38,24
38,2
38,35
38,34
38,15
38,26
38,28
38,50
38,49
38,55
38,48
38,56
38,71
38,73
38,61
38,69
38,65
38,78
38,99
38,105
38,90
38,89
38,100
38,85
38,115
38,118
38,109
38,119
38,113
38,133
38,127
38,121
38,175
38,139
38,157
38,153
38,141
38,140
38,148
38,150
38,180
38,149
38,138
38,160
38,170
38,169
38,182
38,171
38,178
38,166
39,15
39,9
39,33
39,31
39,11
39,37
39,16
39,4
39,35
39,17
39,7
39,34
39,18
39,40
39,30
39,26
39,8
39,20
39,54
39,68
39,62
39,59
39,57
39,74
39,64
39,91
39,104
39,87
39,90
39,85
39,84
39,86
39,103
39,108
39,98
39,179
39,116
39,119
39,113
39,114
39,120
39,176
39,132
39,125
39,131
39,133
39,134
39,124
39,135
39,123
39,130
39,175
39,126
39,157
39,150
39,140
39,139
39,144
39,154
39,137
39,148
39,167
39,178
39,174
39,168
39,162
39,161
39,166
39,159
40,19
40,14
40,15
40,7
40,49
40,47
40,43
40,64
40,181
40,59
40,70
40,104
40,94
40,88
40,95
40,107
40,118
40,119
40,113
40,128
40,125
40,131
40,126
40,146
40,148
40,140
40,180
40,168
40,161
40,165
40,159
41,35
41,22
41,12
41,26
41,13
41,1
41,7
41,36
41,25
41,2
41,6
41,9
41,33
41,16
41,5
41,23
41,24
41,10
41,38
41,11
41,40
41,30
41,51
41,55
41,43
41,45
41,46
41,181
41,58
41,62
41,75
41,70
41,106
41,97
41,91
41,81
41,104
41,84
41,115
41,109
41,116
41,120
41,119
41,113
41,122
41,149
41,150
41,162
41,178
42,3
42,23
42,4
42,1
42,33
42,36
42,12
42,31
42,26
42,9
42,10
42,2
42,39
42,28
42,18
42,41
42,52
42,49
42,43
42,56
42,76
42,79
42,181
42,82
42,97
42,81
42,101
42,80
42,104
42,106
42,94
42,86
42,100
42,91
42,102
42,84
42,95
42,96
42,88
42,83
42,105
42,112
42,119
42,120
42,113
42,109
42,180
42,162
42,159
43,18
43,8
43,4
43,43
43,52
43,54
43,51
43,59
43,61
43,79
43,97
43,90
43,100
43,80
43,119
43,129
43,149
43,161
44,29
44,37
44,11
44,28
44,32
44,20
44,8
44,40
44,18
44,12
44,15
44,38
44,1
44,26
44,36
44,33
44,51
44,43
44,54
44,49
44,52
44,56
44,61
44,79
44,72
44,59
44,66
44,87
44,81
44,86
44,91
44,84
44,112
44,120
44,113
44,157
44,182
45,9
45,11
45,35
45,40
45,33
45,17
45,15
45,19
45,13
45,6
45,5
45,37
45,38
45,16
45,54
45,64
45,57
45,84
45,103
45,91
45,104
45,109
45,113
45,120
45,116
45,125
45,136
45,129
45,130
45,134
45,135
45,132
45,131
45,124
45,127
45,126
45,123
45,150
45,137
45,149
45,155
45,156
45,153
45,147
45,148
45,154
45,151
45,180
45,157
45,166
45,159
45,162
46,1
46,38
46,11
46,33
46,9
46,52
46,61
46,104
46,86
46,84
46,120
46,113
46,122
46,149
46,180
46,162
46,178
46,164
47,27
47,12
47,8
47,49
47,46
47,79
47,63
47,82
47,92
47,99
47,119
47,112
47,114
47,135
47,127
47,125
47,153
47,151
47,157
47,174
47,171
47,161
47,178
48,32
48,6
48,11
48,15
48,33
48,36
48,56
48,52
48,55
48,43
48,54
48,57
48,91
48,107
48,86
48,81
48,84
48,113
48,119
48,128
48,126
48,130
48,149
48,178
48,159
49,39
49,13
49,38
49,5
49,26
49,37
49,20
49,9
49,42
49,18
49,16
49,41
49,11
49,23
49,30
49,36
49,1
49,29
49,22
49,33
49,8
49,25
49,6
49,35
49,53
49,49
49,43
49,54
49,55
49,46
49,52
49,51
49,56
49,44
49,69
49,64
49,68
49,57
49,61
49,74
49,72
49,181
49,66
49,65
49,79
49,62
49,87
49,90
49,93
49,99
49,105
49,102
49,94
49,85
49,98
49,96
49,86
49,82
49,84
49,103
49,81
49,88
49,83
49,104
49,100
49,108
49,80
49,91
49,89
49,97
49,101
49,111
49,109
49,120
49,113
49,115
49,125
49,133
49,135
49,123
49,127
49,124
49,122
49,130
49,131
49,126
49,136
49,134
49,140
49,137
49,180
49,156
49,146
49,139
49,149
49,174
49,162
49,159
49,168
49,163
49,165
49,172
49,167
49,166
50,16
50,7
50,37
50,9
50,40
50,14
50,38
50,1
50,55
50,46
50,54
50,51
50,43
50,52
50,49
50,56
50,68
50,57
50,76
50,72
50,81
50,86
50,84
50,99
50,109
50,115
50,111
50,180
50,150
50,146
50,178
50,162
50,174
50,159
51,16
51,27
51,28
51,30
51,38
51,36
51,11
51,19
51,1
51,15
51,9
51,37
51,33
51,7
51,14
51,40
51,35
51,55
51,46
51,50
51,52
51,54
51,43
51,49
51,61
51,76
51,95
51,104
51,93
51,81
51,89
51,86
51,99
51,91
51,84
51,109
51,120
51,113
51,112
51,119
51,135
51,146
51,157
51,165
51,167
51,162
51,161
51,159
52,15
52,16
52,28
52,30
52,33
52,8
52,1
52,17
52,5
52,35
52,11
52,40
52,54
52,49
52,56
52,52
52,44
52,43
52,72
52,91
52,103
52,89
52,104
52,84
52,115
52,114
52,109
52,120
52,119
52,113
52,126
52,127
52,130
52,125
52,123
52,128
52,135
52,136
52,133
52,140
52,150
52,180
52,139
52,167
52,174
52,164
52,172
52,159
52,178
52,166
52,162
53,9
53,11
53,1
53,33
53,36
53,4
53,28
53,30
53,16
53,15
53,25
53,14
53,31
53,27
53,49
53,52
53,47
53,43
53,56
53,55
53,54
53,181
53,68
53,72
53,66
53,76
53,95
53,99
53,81
53,93
53,89
53,104
53,120
53,119
53,109
53,146
53,139
53,167
53,159
53,162
54,1
54,15
54,26
54,39
54,20
54,5
54,33
54,37
54,41
54,31
54,18
54,40
54,27
54,6
54,11
54,30
54,9
54,35
54,4
54,13
54,32
54,7
54,36
54,28
54,51
54,49
54,52
54,56
54,43
54,54
54,55
54,76
54,57
54,70
54,74
54,66
54,101
54,84
54,100
54,91
54,104
54,82
54,93
54,81
54,98
54,87
54,113
54,109
54,117
54,111
54,115
54,116
54,114
54,120
54,134
54,126
54,152
54,140
54,167
54,173
54,161
54,172
54,178
54,159
55,31
55,36
55,30
55,11
55,1
55,33
55,40
55,28
55,54
55,43
55,49
55,66
55,85
55,84
55,91
55,113
55,120
55,109
55,134
55,122
55,124
55,180
56,1
56,10
56,40
56,31
56,33
56,28
56,38
56,4
56,37
56,27
56,7
56,16
56,52
56,43
56,55
56,54
56,49
56,51
56,64
56,66
56,89
56,93
56,84
56,86
56,91
56,81
56,87
56,104
56,113
56,119
56,109
56,120
56,126
56,127
56,133
56,125
56,123
56,122
56,131
56,130
56,134
56,150
56,178
56,162
56,167
57,1
57,16
57,28
57,27
57,4
57,5
57,32
57,15
57,30
57,20
57,40
57,31
57,13
57,18
57,33
57,36
57,37
57,26
57,29
57,11
57,6
57,35
57,12
57,38
57,51
57,54
57,46
57,43
57,45
57,49
57,55
57,52
57,56
57,47
57,59
57,76
57,58
57,67
57,62
57,68
57,61
57,66
57,72
57,70
57,71
57,85
57,86
57,88
57,89
57,81
57,82
57,84
57,83
57,108
57,90
57,91
57,99
57,114
57,111
57,113
57,116
57,119
57,109
57,117
57,120
57,115
57,126
57,127
57,122
57,121
57,123
57,149
57,151
57,156
57,140
57,150
57,146
57,180
57,167
57,178
57,172
57,168
57,162
57,165
57,159
57,174
57,166
57,161
58,27
58,37
58,5
58,36
58,33
58,4
58,29
58,28
58,6
58,40
58,30
58,38
58,11
58,31
58,20
58,35
58,34
58,26
58,19
58,16
58,15
58,18
58,74
58,62
58,87
58,86
58,85
58,91
58,104
58,84
58,109
58,113
58,120
58,131
58,136
58,134
58,127
58,132
58,125
58,126
58,128
58,123
58,130
58,133
58,135
58,122
58,121
58,180
58,146
58,140
58,149
58,150
58,156
58,161
58,162
58,174
58,164
58,178
58,159
58,166
58,165
59,6
59,4
59,16
59,50
59,72
59,93
59,95
59,82
59,118
59,175
59,128
59,145
59,172
60,29
60,10
60,6
60,43
60,54
60,49
60,79
60,78
60,73
60,104
60,98
60,120
60,114
60,115
60,125
60,131
60,124
60,137
60,140
60,150
60,149
60,172
60,159
60,178
60,161
60,162
60,167
60,165
61,13
61,19
61,37
61,1
61,11
61,7
61,28
61,12
61,15
61,47
61,45
61,52
61,53
61,57
61,67
61,69
61,59
61,71
61,94
61,91
61,83
61,106
61,107
61,111
61,112
61,116
61,132
61,134
61,133
61,130
61,148
61,137
61,152
61,150
61,159
61,183
61,182
61,166
61,178
61,165
62,33
62,30
62,1
62,29
62,37
62,15
62,35
62,9
62,54
62,76
62,82
62,86
62,91
62,84
62,87
62,85
62,117
62,116
62,115
62,111
62,120
62,136
62,130
62,133
62,124
62,132
62,125
62,121
62,123
62,135
62,134
62,127
62,129
62,126
62,131
62,155
62,147
62,139
62,150
62,148
62,151
62,138
62,140
62,153
62,154
62,156
62,180
62,171
62,166
62,159
62,162
62,164
63,16
63,6
63,29
63,13
63,37
63,10
63,40
63,18
63,26
63,11
63,17
63,12
63,30
63,7
63,33
63,54
63,47
63,73
63,72
63,79
63,59
63,64
63,62
63,181
63,57
63,65
63,91
63,103
63,86
63,104
63,99
63,87
63,115
63,113
63,116
63,118
63,120
63,109
63,133
63,124
63,125
63,132
63,135
63,131
63,139
63,155
63,145
63,156
63,150
63,140
63,157
63,144
63,137
63,152
63,149
63,148
63,178
63,162
63,161
63,166
63,168
63,159
63,165
64,13
64,33
64,26
64,4
64,10
64,7
64,23
64,17
64,21
64,22
64,15
64,28
64,6
64,40
64,18
64,8
64,25
64,51
64,52
64,55
64,47
64,43
64,56
64,44
64,49
64,61
64,74
64,65
64,79
64,68
64,63
64,181
64,66
64,72
64,60
64,91
64,84
64,97
64,83
64,96
64,94
64,107
64,86
64,93
64,88
64,80
64,104
64,82
64,103
64,89
64,95
64,85
64,111
64,113
64,109
64,120
64,115
64,128
64,133
64,123
64,136
64,134
64,127
64,124
64,135
64,131
64,130
64,132
64,122
64,125
64,126
64,121
64,156
64,140
64,180
64,157
64,139
64,149
64,145
64,144
64,150
64,162
64,166
64,159
65,31
65,33
65,1
65,50
65,49
65,51
65,54
65,52
65,43
65,72
65,87
65,91
65,86
65,84
65,81
65,120
65,113
65,109
65,180
65,162
66,20
66,26
66,8
66,56
66,59
66,89
66,82
66,101
66,117
66,176
66,141
66,169
67,38
67,16
67,7
67,35
67,40
67,31
67,28
67,49
67,54
67,52
67,43
67,72
67,81
67,84
67,86
67,91
67,104
67,111
67,113
67,114
67,109
67,115
67,120
67,124
67,121
67,134
67,132
67,122
67,150
67,156
67,149
67,157
67,144
67,137
67,153
67,141
67,174
67,162
67,166
67,163
67,173
67,171
67,160
67,172
67,161
67,168
68,21
68,4
68,10
68,32
68,23
68,35
68,1
68,2
68,42
68,5
68,38
68,41
68,12
68,6
68,39
68,33
68,19
68,7
68,9
68,28
68,40
68,11
68,27
68,54
68,51
68,49
68,52
68,43
68,61
68,60
68,79
68,74
68,73
68,98
68,95
68,93
68,92
68,90
68,81
68,104
68,89
68,94
68,82
68,101
68,102
68,85
68,100
68,91
68,97
68,107
68,96
68,105
68,83
68,84
68,88
68,99
68,86
68,80
68,109
68,113
68,120
68,132
68,149
68,180
68,139
68,165
68,162
68,159
68,161
68,167
69,2
69,16
69,23
69,9
69,51
69,68
69,87
69,96
69,97
69,111
69,130
69,121
69,180
69,145
69,152
69,167
69,161
69,166
70,16
70,10
70,38
70,27
70,1
70,15
70,35
70,36
70,54
70,43
70,46
70,52
70,49
70,72
70,81
70,107
70,99
70,115
70,120
70,109
70,113
70,124
70,157
70,151
70,159
71,38
71,1
71,14
71,5
71,26
71,18
71,8
71,12
71,15
71,31
71,19
71,28
71,27
71,11
71,13
71,20
71,16
71,34
71,25
71,29
71,36
71,6
71,7
71,33
71,30
71,46
71,56
71,52
71,47
71,51
71,45
71,43
71,54
71,44
71,78
71,74
71,70
71,68
71,61
71,76
71,72
71,93
71,86
71,84
71,95
71,104
71,81
71,91
71,96
71,108
71,103
71,99
71,119
71,114
71,116
71,109
71,115
71,111
71,113
71,120
71,151
71,137
71,165
71,164
71,159
71,166
71,168
71,174
71,158
71,162
71,163
71,172
72,6
72,14
72,27
72,37
72,36
72,31
72,28
72,8
72,33
72,1
72,12
72,3
72,15
72,30
72,18
72,19
72,40
72,9
72,20
72,16
72,56
72,43
72,55
72,52
72,54
72,49
72,59
72,72
72,64
72,181
72,61
72,86
72,81
72,84
72,91
72,85
72,104
72,113
72,114
72,112
72,120
72,119
72,109
72,134
72,133
72,126
72,122
72,139
72,180
72,162
72,164
72,159
72,172
73,13
73,37
73,27
73,6
73,12
73,11
73,10
73,15
73,1
73,40
73,33
73,18
73,38
73,29
73,35
73,31
73,26
73,54
73,52
73,55
73,49
73,51
73,45
73,43
73,56
73,66
73,58
73,73
73,62
73,57
73,64
73,59
73,67
73,79
73,70
73,72
73,68
73,104
73,81
73,82
73,103
73,95
73,91
73,93
73,113
73,120
73,112
73,119
73,111
73,109
73,115
73,180
73,145
73,139
73,165
73,161
73,167
73,159
73,174
73,162
73,164
74,7
74,38
74,15
74,5
74,35
74,28
74,41
74,6
74,37
74,30
74,1
74,13
74,17
74,40
74,11
74,33
74,16
74,54
74,64
74,85
74,93
74,91
74,86
74,84
74,120
74,113
74,109
74,115
74,131
74,124
74,133
74,134
74,135
74,130
74,123
74,125
74,126
74,180
74,140
74,137
74,150
74,156
74,162
74,159
74,178
74,166
75,11
75,10
75,27
75,32
75,28
75,42
75,36
75,16
75,56
75,43
75,49
75,52
75,51
75,54
75,76
75,57
75,91
75,86
75,89
75,88
75,95
75,106
75,109
75,120
75,112
75,119
75,124
75,133
75,134
75,180
75,178
75,159
75,168
75,166
75,163
75,164
75,162
76,44
76,64
76,76
76,105
76,84
76,179
76,109
76,128
76,144
77,11
77,9
77,16
77,17
77,30
77,2
77,39
77,13
77,4
77,38
77,6
77,21
77,35
77,41
77,1
77,7
77,23
77,33
77,5
77,37
77,25
77,46
77,44
77,54
77,43
77,56
77,55
77,52
77,49
77,45
77,62
77,58
77,72
77,73
77,71
77,70
77,79
77,57
77,60
77,74
77,78
77,181
77,66
77,61
77,65
77,59
77,69
77,94
77,103
77,95
77,90
77,82
77,85
77,80
77,86
77,87
77,83
77,84
77,99
77,91
77,88
77,89
77,105
77,92
77,97
77,81
77,96
77,115
77,119
77,113
77,120
77,109
77,126
77,130
77,132
77,124
77,122
77,146
77,139
77,150
77,149
77,180
77,161
77,159
77,168
77,178
77,162
77,158
77,165
77,166
77,167
77,160
77,172
78,40
78,32
78,18
78,16
78,33
78,11
78,38
78,7
78,9
78,56
78,47
78,54
78,43
78,45
78,51
78,49
78,63
78,72
78,64
78,61
78,87
78,85
78,86
78,99
78,104
78,84
78,93
78,88
78,91
78,119
78,109
78,120
78,113
78,114
78,121
78,125
78,135
78,134
78,133
78,124
78,122
78,149
78,154
78,140
78,137
78,150
78,165
78,167
78,178
78,159
78,162
78,174
79,4
79,35
79,42
79,7
79,6
79,39
79,28
79,15
79,23
79,21
79,16
79,36
79,5
79,9
79,1
79,27
79,38
79,11
79,30
79,2
79,41
79,55
79,46
79,49
79,52
79,43
79,56
79,51
79,57
79,61
79,72
79,103
79,83
79,106
79,84
79,101
79,80
79,81
79,86
79,105
79,93
79,89
79,92
79,91
79,108
79,88
79,94
79,98
79,96
79,104
79,85
79,90
79,102
79,97
79,100
79,87
79,109
79,115
79,120
79,122
79,121
79,146
79,160
79,167
79,158
79,163
79,159
79,162
80,2
80,26
80,6
80,8
80,23
80,9
80,42
80,31
80,40
80,38
80,1
80,25
80,16
80,7
80,33
80,24
80,5
80,30
80,12
80,10
80,15
80,19
80,13
80,18
80,22
80,4
80,20
80,53
80,51
80,55
80,52
80,49
80,56
80,43
80,75
80,61
80,62
80,72
80,79
80,181
80,76
80,59
80,108
80,104
80,98
80,83
80,97
80,88
80,86
80,107
80,91
80,102
80,81
80,87
80,84
80,95
80,99
80,93
80,89
80,96
80,119
80,120
80,113
80,109
80,111
80,115
80,135
80,122
80,121
80,125
80,133
80,136
80,134
80,128
80,126
80,139
80,180
80,150
80,145
80,140
80,146
80,156
80,137
80,154
80,172
80,168
80,174
80,166
80,165
80,162
80,161
80,167
80,159
81,9
81,5
81,36
81,32
81,4
81,11
81,7
81,25
81,18
81,1
81,30
81,40
81,2
81,22
81,41
81,23
81,21
81,10
81,27
81,28
81,52
81,56
81,54
81,44
81,51
81,49
81,43
81,57
81,66
81,72
81,75
81,79
81,74
81,68
81,58
81,61
81,105
81,89
81,86
81,88
81,84
81,85
81,87
81,82
81,81
81,95
81,91
81,99
81,97
81,104
81,83
81,107
81,80
81,96
81,109
81,116
81,120
81,119
81,113
81,114
81,111
81,130
81,122
81,124
81,134
81,133
81,128
81,151
81,138
81,163
81,158
81,174
81,160
81,159
81,162
82,30
82,18
82,35
82,3
82,9
82,16
82,6
82,7
82,28
82,38
82,27
82,36
82,11
82,33
82,15
82,49
82,51
82,44
82,56
82,52
82,43
82,57
82,68
82,70
82,72
82,61
82,88
82,81
82,99
82,120
82,113
82,109
82,115
82,112
82,116
82,114
82,134
82,128
82,130
82,180
82,172
82,167
82,162
82,159
82,178
83,4
83,22
83,33
83,28
83,21
83,18
83,3
83,23
83,39
83,9
83,41
83,2
83,1
83,36
83,8
83,43
83,49
83,54
83,72
83,74
83,102
83,86
83,109
83,113
83,112
83,120
83,146
83,162
83,167
83,159
84,16
84,33
84,19
84,37
84,28
84,7
84,43
84,52
84,46
84,72
84,61
84,73
84,101
84,82
84,84
84,86
84,109
84,115
84,113
84,120
84,124
84,135
84,126
84,150
84,137
84,158
84,182
84,162
85,16
85,35
85,37
85,5
85,39
85,25
85,6
85,18
85,31
85,33
85,34
85,46
85,49
85,51
85,54
85,79
85,66
85,59
85,57
85,72
85,86
85,99
85,93
85,103
85,109
85,120
85,119
85,116
85,113
85,121
85,123
85,127
85,126
85,124
85,122
85,125
85,154
85,140
85,155
85,150
85,156
85,157
85,145
85,137
85,180
85,161
85,166
85,159
85,162
85,167
85,174
86,29
86,34
86,11
86,1
86,33
86,6
86,26
86,15
86,16
86,38
86,9
86,40
86,27
86,54
86,52
86,49
86,56
86,43
86,51
86,44
86,61
86,59
86,79
86,72
86,100
86,103
86,91
86,84
86,120
86,115
86,113
86,119
86,116
86,175
86,123
86,130
86,121
86,122
86,137
86,156
86,139
86,159
86,174
86,164
86,178
86,162
87,25
87,38
87,11
87,56
87,46
87,49
87,66
87,78
87,65
87,86
87,104
87,103
87,118
87,119
87,109
87,132
87,134
87,122
87,143
87,150
87,151
87,158
87,174
87,162
88,20
88,11
88,17
88,16
88,12
88,29
88,26
88,35
88,8
88,34
88,33
88,38
88,15
88,7
88,52
88,45
88,47
88,51
88,49
88,54
88,43
88,56
88,73
88,66
88,59
88,60
88,70
88,72
88,76
88,61
88,57
88,74
88,58
88,71
88,64
88,91
88,81
88,84
88,99
88,104
88,82
88,101
88,108
88,115
88,116
88,111
88,120
88,109
88,134
88,124
88,156
88,150
88,155
88,137
88,140
88,157
88,146
88,144
88,154
88,159
89,35
89,38
89,36
89,15
89,16
89,11
89,37
89,25
89,33
89,5
89,1
89,4
89,30
89,44
89,52
89,46
89,49
89,43
89,55
89,54
89,56
89,51
89,47
89,72
89,66
89,65
89,78
89,70
89,84
89,95
89,86
89,91
89,87
89,120
89,113
89,109
89,126
89,135
89,130
89,133
89,122
89,128
89,180
89,146
89,162
89,165
89,178
89,172
89,159
89,158
90,30
90,13
90,11
90,33
90,1
90,40
90,28
90,4
90,38
90,54
90,67
90,65
90,93
90,82
90,84
90,91
90,104
90,85
90,103
90,86
90,120
90,118
90,109
90,116
90,113
90,126
90,129
90,132
90,135
90,136
90,134
90,124
90,131
90,121
90,123
90,150
90,140
90,155
90,137
90,149
90,147
90,138
90,151
90,153
90,156
90,154
90,162
90,159
90,172
90,166
90,164
91,26
91,12
91,15
91,24
91,13
91,38
91,8
91,11
91,16
91,6
91,36
91,35
91,5
91,1
91,7
91,18
91,41
91,30
91,40
91,29
91,31
91,20
91,3
91,25
91,54
91,44
91,52
91,55
91,45
91,46
91,51
91,56
91,47
91,43
91,48
91,49
91,65
91,79
91,72
91,62
91,61
91,60
91,58
91,74
91,68
91,66
91,181
91,73
91,57
91,64
91,69
91,78
91,71
91,70
91,59
91,102
91,82
91,86
91,85
91,103
91,94
91,89
91,91
91,84
91,87
91,115
91,114
91,113
91,109
91,118
91,111
91,120
91,116
91,180
91,149
91,146
91,150
91,156
91,138
91,140
91,137
91,164
91,161
91,172
91,163
91,162
91,168
91,167
91,159
92,41
92,4
92,5
92,3
92,40
92,32
92,35
92,18
92,2
92,33
92,42
92,39
92,21
92,9
92,43
92,54
92,52
92,181
92,61
92,91
92,80
92,83
92,98
92,96
92,90
92,81
92,86
92,84
92,109
92,120
92,113
92,149
92,165
92,174
92,167
92,159
93,11
93,15
93,4
93,9
93,10
93,3
93,28
93,33
93,32
93,14
93,36
93,37
93,16
93,30
93,1
93,6
93,56
93,52
93,51
93,55
93,49
93,47
93,43
93,60
93,74
93,75
93,66
93,181
93,86
93,91
93,102
93,84
93,104
93,120
93,113
93,123
93,127
93,134
93,124
93,130
93,133
93,126
93,128
93,180
93,162
93,159
93,167
93,178
94,38
94,40
94,26
94,37
94,31
94,5
94,11
94,6
94,33
94,54
94,45
94,44
94,61
94,59
94,73
94,66
94,64
94,79
94,86
94,91
94,84
94,85
94,120
94,113
94,132
94,125
94,127
94,124
94,131
94,122
94,133
94,134
94,121
94,130
94,135
94,157
94,137
94,138
94,180
94,140
94,149
94,150
94,156
94,159
94,166
94,178
94,161
94,162
95,27
95,40
95,11
95,14
95,3
95,33
95,4
95,36
95,9
95,32
95,19
95,28
95,1
95,15
95,52
95,51
95,43
95,56
95,76
95,61
95,68
95,72
95,91
95,86
95,81
95,84
95,85
95,109
95,111
95,120
95,113
95,122
95,124
95,134
95,132
95,180
95,167
95,162
95,178
95,160
95,161
95,164
95,165
96,16
96,9
96,37
96,38
96,36
96,11
96,13
96,30
96,7
96,35
96,54
96,43
96,56
96,44
96,61
96,66
96,76
96,72
96,84
96,86
96,82
96,81
96,103
96,88
96,91
96,113
96,119
96,120
96,109
96,124
96,135
96,180
96,146
96,149
96,159
96,162
96,174
97,37
97,36
97,40
97,4
97,15
97,11
97,30
97,28
97,27
97,1
97,33
97,52
97,54
97,56
97,43
97,76
97,104
97,86
97,81
97,120
97,113
97,109
97,115
97,146
97,167
98,33
98,1
98,28
98,9
98,36
98,11
98,38
98,40
98,30
98,15
98,7
98,43
98,51
98,49
98,54
98,52
98,55
98,66
98,61
98,72
98,91
98,88
98,81
98,86
98,84
98,119
98,113
98,109
98,146
98,162
98,159
99,13
99,33
99,26
99,29
99,5
99,10
99,6
99,1
99,37
99,54
99,47
99,49
99,64
99,103
99,87
99,93
99,86
99,91
99,104
99,85
99,113
99,109
99,120
99,121
99,125
99,131
99,123
99,126
99,135
99,134
99,133
99,124
99,130
99,137
99,156
99,154
99,149
99,178
99,159
99,162
99,167
99,165
100,33
100,32
100,15
100,6
100,30
100,10
100,9
100,40
100,3
100,11
100,16
100,35
100,1
100,37
100,13
100,17
100,47
100,45
100,56
100,53
100,46
100,52
100,54
100,51
100,48
100,43
100,65
100,62
100,71
100,58
100,61
100,70
100,181
100,66
100,64
100,68
100,59
100,57
100,86
100,82
100,85
100,88
100,179
100,104
100,103
100,108
100,93
100,84
100,91
100,87
100,116
100,114
100,113
100,117
100,109
100,112
100,119
100,123
100,136
100,130
100,134
100,175
100,176
100,127
100,135
100,131
100,126
100,132
100,152
100,180
100,159
100,168
101,33
101,38
101,30
101,40
101,11
101,10
101,9
101,37
101,13
101,36
101,5
101,15
101,6
101,7
101,16
101,17
101,54
101,56
101,61
101,65
101,57
101,181
101,64
101,66
101,67
101,87
101,179
101,91
101,103
101,84
101,85
101,81
101,104
101,93
101,86
101,109
101,113
101,120
101,115
101,134
101,175
101,124
101,133
101,156
101,147
101,153
101,180
101,149
101,162
101,183
101,164
101,178
101,173
102,30
102,36
102,7
102,54
102,43
102,49
102,181
102,76
102,84
102,81
102,104
102,113
102,120
102,124
102,157
102,159
103,6
103,13
103,5
103,54
103,47
103,56
103,58
103,66
103,64
103,94
103,86
103,81
103,91
103,89
103,120
103,115
103,113
103,126
103,135
103,124
103,131
103,136
103,133
103,125
103,134
103,140
103,150
103,152
103,145
103,137
103,156
103,143
103,174
103,165
103,166
103,159
103,162
103,160
103,167
104,26
104,11
104,40
104,32
104,36
104,9
104,15
104,28
104,55
104,43
104,49
104,52
104,61
104,63
104,75
104,66
104,88
104,80
104,105
104,100
104,95
104,86
104,91
104,89
104,96
104,97
104,81
104,93
104,82
104,104
104,102
104,101
104,103
104,83
104,87
104,85
104,99
104,106
104,94
104,108
104,90
104,84
104,98
104,92
104,113
104,120
104,109
104,112
104,133
104,126
104,135
104,123
104,180
104,159
104,162
105,25
105,31
105,4
105,40
105,11
105,23
105,36
105,28
105,1
105,41
105,3
105,33
105,18
105,22
105,39
105,56
105,54
105,44
105,43
105,49
105,51
105,52
105,75
105,72
105,93
105,87
105,103
105,88
105,100
105,94
105,86
105,81
105,91
105,102
105,101
105,98
105,89
105,119
105,120
105,113
105,121
105,128
105,122
105,134
105,133
105,180
105,162
105,165
105,167
106,21
106,32
106,4
106,13
106,40
106,22
106,11
106,23
106,15
106,38
106,5
106,42
106,2
106,33
106,28
106,1
106,7
106,30
106,9
106,10
106,19
106,6
106,54
106,49
106,73
106,74
106,60
106,65
106,62
106,58
106,75
106,70
106,181
106,57
106,61
106,66
106,78
106,108
106,83
106,91
106,96
106,179
106,98
106,80
106,82
106,90
106,89
106,105
106,86
106,87
106,99
106,100
106,101
106,88
106,93
106,95
106,81
106,85
106,92
106,103
106,102
106,104
106,94
106,84
106,118
106,113
106,115
106,114
106,112
106,120
106,125
106,129
106,130
106,131
106,132
106,122
106,123
106,124
106,176
106,135
106,133
106,134
106,127
106,136
106,175
106,126
106,121
106,157
106,137
106,151
106,138
106,148
106,180
106,154
106,153
106,140
106,147
106,156
106,139
106,172
106,167
106,161
106,164
106,168
106,162
106,178
106,159
106,165
106,166
106,183
106,177
107,21
107,38
107,13
107,33
107,10
107,4
107,15
107,6
107,40
107,9
107,1
107,16
107,3
107,36
107,30
107,28
107,39
107,23
107,35
107,5
107,17
107,2
107,25
107,31
107,52
107,44
107,54
107,51
107,45
107,53
107,49
107,46
107,55
107,43
107,47
107,72
107,58
107,64
107,83
107,96
107,91
107,88
107,86
107,89
107,84
107,93
107,108
107,103
107,85
107,99
107,111
107,115
107,119
107,109
107,134
107,126
107,127
107,123
107,132
107,135
107,136
107,180
107,137
107,139
107,164
107,168
107,159
107,162
107,172
107,165
107,161
108,8
108,42
108,41
108,15
108,10
108,7
108,27
108,2
108,36
108,1
108,28
108,4
108,14
108,30
108,23
108,35
108,9
108,33
108,3
108,19
108,25
108,49
108,45
108,43
108,55
108,44
108,62
108,73
108,181
108,79
108,65
108,72
108,107
108,89
108,95
108,100
108,80
108,82
108,86
108,84
108,102
108,94
108,104
108,91
108,98
108,85
108,105
108,81
108,96
108,97
108,93
108,88
108,109
108,116
108,115
108,113
108,120
108,125
108,130
108,135
108,122
108,133
108,126
108,134
108,121
108,131
108,127
108,123
108,180
108,165
108,162
108,159
108,161
109,33
109,1
109,40
109,9
109,11
109,30
109,42
109,13
109,10
109,7
109,6
109,28
109,23
109,45
109,55
109,52
109,56
109,51
109,44
109,43
109,181
109,72
109,93
109,100
109,89
109,84
109,80
109,95
109,87
109,86
109,98
109,115
109,120
109,113
109,109
109,132
109,121
109,135
109,133
109,134
109,125
109,126
109,136
109,123
109,127
109,140
109,180
109,156
109,167
109,166
109,162
109,161
109,165
110,38
110,1
110,40
110,4
110,11
110,5
110,35
110,6
110,33
110,13
110,17
110,45
110,57
110,100
110,80
110,86
110,90
110,89
110,82
110,103
110,85
110,102
110,101
110,98
110,87
110,94
110,83
110,104
110,88
110,91
110,84
110,93
110,97
110,96
110,105
110,113
110,120
110,115
110,123
110,124
110,121
110,126
110,132
110,122
110,133
110,127
110,130
110,134
110,125
110,135
110,150
110,151
110,147
110,154
110,137
110,180
110,156
110,149
110,140
110,167
110,159
110,164
110,165
110,162
110,174
111,21
111,12
111,2
111,39
111,6
111,1
111,42
111,10
111,41
111,33
111,23
111,4
111,9
111,32
111,40
111,27
111,3
111,8
111,51
111,49
111,54
111,43
111,56
111,52
111,55
111,59
111,71
111,68
111,66
111,72
111,84
111,105
111,89
111,96
111,106
111,104
111,86
111,102
111,81
111,85
111,91
111,97
111,113
111,120
111,119
111,134
111,122
111,180
111,167
111,159
111,168
111,163
111,162
112,21
112,23
112,5
112,11
112,16
112,4
112,30
112,38
112,39
112,1
112,33
112,42
112,10
112,13
112,27
112,17
112,24
112,2
112,54
112,50
112,49
112,46
112,51
112,43
112,52
112,72
112,97
112,81
112,104
112,94
112,88
112,92
112,91
112,103
112,80
112,89
112,102
112,105
112,86
112,106
112,98
112,99
112,95
112,96
112,93
112,85
112,84
112,83
112,87
112,100
112,109
112,119
112,113
112,120
112,122
112,121
112,135
112,134
112,124
112,146
112,180
112,162
112,168
112,159
113,2
113,33
113,23
113,35
113,6
113,27
113,13
113,39
113,25
113,36
113,32
113,9
113,1
113,42
113,56
113,52
113,47
113,45
113,49
113,43
113,44
113,51
113,53
113,55
113,65
113,66
113,72
113,58
113,71
113,74
113,62
113,181
113,100
113,86
113,101
113,105
113,84
113,96
113,89
113,104
113,80
113,88
113,93
113,91
113,98
113,85
113,108
113,102
113,87
113,90
113,94
113,83
113,120
113,109
113,114
113,115
113,122
113,130
113,121
113,133
113,134
113,126
113,123
113,127
113,180
113,146
113,150
113,149
113,160
113,168
113,159
113,162
113,165
113,161
113,167
113,174
114,30
114,3
114,21
114,16
114,15
114,36
114,32
114,33
114,39
114,52
114,54
114,56
114,43
114,49
114,53
114,58
114,73
114,57
114,181
114,61
114,72
114,65
114,76
114,92
114,96
114,105
114,84
114,86
114,91
114,88
114,87
114,104
114,89
114,93
114,83
114,90
114,109
114,120
114,115
114,111
114,113
114,123
114,126
114,125
114,150
114,174
114,162
114,159
114,172
114,165
114,161
115,18
115,32
115,4
115,40
115,21
115,9
115,15
115,22
115,38
115,28
115,35
115,7
115,8
115,23
115,27
115,3
115,41
115,33
115,10
115,1
115,39
115,6
115,49
115,51
115,54
115,43
115,55
115,52
115,50
115,56
115,61
115,62
115,68
115,59
115,74
115,72
115,60
115,102
115,88
115,81
115,84
115,96
115,95
115,97
115,103
115,85
115,83
115,91
115,93
115,87
115,104
115,100
115,89
115,94
115,86
115,113
115,119
115,120
115,109
115,115
115,124
115,134
115,135
115,131
115,130
115,123
115,128
115,122
115,121
115,180
115,139
115,167
115,164
115,161
115,159
115,168
115,162
115,166
116,11
116,24
116,32
116,22
116,33
116,38
116,1
116,40
116,4
116,54
116,68
116,91
116,97
116,84
116,96
116,83
116,98
116,86
116,105
116,104
116,113
116,109
116,124
116,132
116,134
116,147
116,149
116,156
116,137
116,180
116,162
117,10
117,15
117,36
117,38
117,28
117,22
117,6
117,35
117,23
117,1
117,51
117,49
117,43
117,52
117,54
117,79
117,57
117,81
117,84
117,98
117,86
117,105
117,91
117,80
117,114
117,112
117,113
117,120
117,124
117,180
117,149
117,161
117,162
117,174
117,165
117,163
118,29
118,16
118,38
118,37
118,33
118,30
118,54
118,67
118,64
118,181
118,87
118,86
118,84
118,85
118,103
118,108
118,91
118,120
118,113
118,109
118,134
118,123
118,125
118,132
118,127
118,130
118,129
118,124
118,135
118,131
118,136
118,126
118,154
118,147
118,140
118,137
118,155
118,149
118,167
118,165
118,166
118,158
118,164
118,172
118,159
118,162
119,27
119,36
119,13
119,5
119,41
119,15
119,35
119,38
119,14
119,9
119,23
119,10
119,22
119,24
119,7
119,16
119,28
119,21
119,4
119,33
119,29
119,32
119,2
119,40
119,1
119,6
119,11
119,17
119,30
119,3
119,56
119,50
119,43
119,49
119,66
119,181
119,61
119,72
119,58
119,68
119,89
119,101
119,107
119,87
119,84
119,105
119,85
119,83
119,91
119,88
119,86
119,95
119,104
119,106
119,80
119,109
119,113
119,120
119,122
119,180
119,167
119,159
120,15
120,51
120,43
120,49
120,52
120,76
120,84
120,91
120,86
120,81
120,120
120,111
120,113
120,149
120,159
121,30
121,28
121,5
121,6
121,1
121,38
121,47
121,72
121,61
121,62
121,84
121,101
121,103
121,86
121,104
121,91
121,179
121,115
121,120
121,113
121,130
121,175
121,124
121,134
121,154
121,156
121,180
121,138
121,149
121,162
121,164
121,178
121,177
122,9
122,32
122,10
122,33
122,6
122,23
122,13
122,1
122,38
122,12
122,22
122,31
122,16
122,35
122,40
122,11
122,52
122,56
122,51
122,43
122,49
122,44
122,46
122,65
122,59
122,63
122,58
122,66
122,72
122,181
122,61
122,88
122,99
122,93
122,104
122,86
122,103
122,84
122,102
122,107
122,105
122,100
122,92
122,109
122,120
122,115
122,113
122,124
122,126
122,132
122,138
122,137
122,151
122,156
122,149
122,159
122,167
122,164
122,166
123,11
123,1
123,30
123,10
123,9
123,33
123,2
123,23
123,32
123,4
123,21
123,36
123,47
123,54
123,51
123,43
123,52
123,55
123,68
123,79
123,62
123,72
123,101
123,92
123,90
123,105
123,91
123,96
123,86
123,97
123,107
123,80
123,84
123,103
123,115
123,120
123,109
123,116
123,113
123,134
123,132
123,180
123,165
123,161
123,167
123,162
123,159
124,15
124,7
124,13
124,9
124,39
124,16
124,6
124,27
124,1
124,23
124,32
124,38
124,35
124,21
124,11
124,5
124,4
124,41
124,42
124,2
124,30
124,51
124,43
124,52
124,56
124,54
124,49
124,55
124,44
124,72
124,79
124,57
124,70
124,65
124,74
124,64
124,61
124,181
124,62
124,84
124,91
124,92
124,80
124,100
124,106
124,86
124,105
124,94
124,102
124,89
124,101
124,88
124,96
124,97
124,81
124,103
124,115
124,109
124,120
124,114
124,111
124,119
124,122
124,126
124,135
124,134
124,136
124,133
124,125
124,121
124,156
124,149
124,151
124,180
124,139
124,167
124,161
124,166
124,174
124,172
124,162
124,165
124,163
124,159
125,2
125,10
125,19
125,22
125,23
125,3
125,8
125,36
125,4
125,39
125,1
125,33
125,15
125,40
125,28
125,32
125,9
125,42
125,11
125,41
125,51
125,47
125,53
125,55
125,56
125,52
125,43
125,72
125,61
125,181
125,102
125,95
125,104
125,107
125,98
125,94
125,105
125,96
125,84
125,89
125,93
125,100
125,88
125,97
125,81
125,80
125,83
125,86
125,91
125,106
125,120
125,109
125,113
125,124
125,134
125,180
125,139
125,149
125,162
125,159
126,38
126,37
126,10
126,30
126,11
126,6
126,5
126,31
126,20
126,12
126,25
126,28
126,26
126,39
126,24
126,29
126,15
126,1
126,14
126,40
126,23
126,8
126,17
126,27
126,42
126,13
126,33
126,48
126,49
126,52
126,54
126,53
126,51
126,55
126,43
126,45
126,46
126,56
126,44
126,57
126,74
126,64
126,76
126,70
126,75
126,58
126,78
126,79
126,62
126,65
126,60
126,72
126,66
126,71
126,63
126,68
126,73
126,67
126,61
126,181
126,59
126,81
126,85
126,105
126,90
126,80
126,99
126,89
126,87
126,94
126,84
126,97
126,101
126,100
126,91
126,83
126,104
126,102
126,95
126,98
126,88
126,93
126,82
126,113
126,109
126,116
126,119
126,115
126,114
126,112
126,111
126,120
126,126
126,133
126,124
126,121
126,122
126,123
126,127
126,125
126,135
126,150
126,138
126,154
126,140
126,143
126,145
126,180
126,146
126,155
126,159
126,164
126,174
126,161
126,167
126,160
126,165
126,172
126,168
126,158
126,162
126,163
127,15
127,29
127,30
127,51
127,49
127,43
127,56
127,52
127,54
127,61
127,65
127,57
127,72
127,66
127,73
127,93
127,86
127,104
127,81
127,91
127,89
127,103
127,88
127,119
127,115
127,120
127,114
127,116
127,113
127,152
127,180
127,141
127,146
127,164
127,162
127,159
128,11
128,30
128,41
128,35
128,15
128,4
128,33
128,37
128,13
128,7
128,5
128,9
128,1
128,38
128,28
128,16
128,51
128,43
128,56
128,52
128,57
128,69
128,81
128,94
128,88
128,120
128,119
128,115
128,113
128,175
128,124
128,121
128,180
128,151
128,150
128,155
128,162
128,164
128,167
128,172
129,39
129,3
129,28
129,33
129,21
129,42
129,18
129,15
129,40
129,9
129,36
129,11
129,6
129,22
129,10
129,2
129,23
129,8
129,1
129,4
129,49
129,56
129,52
129,43
129,46
129,79
129,91
129,84
129,102
129,94
129,106
129,83
129,89
129,81
129,80
129,90
129,93
129,86
129,96
129,105
129,98
129,104
129,99
129,88
129,107
129,109
129,120
129,111
129,124
129,139
129,180
129,162
129,159
130,16
130,6
130,9
130,28
130,26
130,11
130,36
130,8
130,18
130,10
130,1
130,15
130,17
130,31
130,7
130,38
130,33
130,43
130,54
130,52
130,55
130,49
130,46
130,72
130,68
130,57
130,84
130,91
130,94
130,87
130,108
130,86
130,93
130,104
130,89
130,82
130,81
130,85
130,115
130,113
130,111
130,109
130,119
130,120
130,112
130,139
130,141
130,149
130,146
130,137
130,159
130,174
130,162
131,20
131,1
131,3
131,29
131,36
131,9
131,25
131,46
131,51
131,55
131,44
131,56
131,43
131,49
131,52
131,54
131,50
131,68
131,78
131,70
131,57
131,71
131,181
131,66
131,72
131,89
131,103
131,84
131,99
131,88
131,82
131,91
131,95
131,86
131,116
131,112
131,115
131,114
131,120
131,109
131,113
131,119
131,150
131,146
131,161
131,159
131,162
131,166
132,30
132,35
132,11
132,40
132,32
132,34
132,29
132,15
132,1
132,28
132,49
132,54
132,46
132,56
132,51
132,73
132,61
132,71
132,103
132,108
132,88
132,119
132,113
132,127
132,135
132,149
132,156
132,177
133,1
133,34
133,26
133,12
133,16
133,22
133,33
133,20
133,29
133,28
133,24
133,11
133,31
133,40
133,36
133,37
133,30
133,6
133,18
133,5
133,13
133,25
133,43
133,46
133,49
133,44
133,56
133,52
133,54
133,51
133,55
133,65
133,58
133,78
133,68
133,57
133,59
133,72
133,74
133,76
133,181
133,67
133,69
133,79
133,73
133,64
133,71
133,66
133,75
133,61
133,62
133,70
133,60
133,82
133,85
133,87
133,91
133,80
133,96
133,105
133,104
133,93
133,92
133,103
133,97
133,108
133,99
133,83
133,84
133,88
133,86
133,98
133,101
133,111
133,116
133,113
133,114
133,109
133,119
133,115
133,120
133,127
133,126
133,125
133,131
133,136
133,135
133,123
133,137
133,157
133,180
133,145
133,156
133,146
133,154
133,159
133,162
133,174
133,160
133,172
133,165
133,167
133,168
133,166
133,158
134,5
134,17
134,39
134,11
134,16
134,2
134,23
134,21
134,1
134,4
134,38
134,35
134,22
134,6
134,7
134,30
134,13
134,33
134,49
134,43
134,44
134,55
134,46
134,52
134,61
134,64
134,57
134,70
134,66
134,73
134,78
134,65
134,72
134,74
134,91
134,104
134,105
134,83
134,103
134,102
134,98
134,84
134,88
134,96
134,85
134,179
134,87
134,82
134,86
134,119
134,115
134,113
134,111
134,120
134,109
134,122
134,176
134,128
134,136
134,175
134,133
134,125
134,131
134,134
134,130
134,152
134,180
134,172
134,162
134,161
134,177
134,183
134,165
134,159
134,167
135,23
135,6
135,1
135,10
135,22
135,44
135,47
135,52
135,51
135,49
135,43
135,45
135,56
135,46
135,61
135,66
135,58
135,69
135,70
135,64
135,68
135,60
135,72
135,62
135,83
135,98
135,80
135,89
135,90
135,87
135,84
135,82
135,105
135,103
135,96
135,104
135,86
135,81
135,97
135,94
135,85
135,91
135,95
135,93
135,102
135,88
135,109
135,120
135,111
135,113
135,116
135,115
135,132
135,136
135,133
135,131
135,134
135,127
135,124
135,121
135,122
135,130
135,126
135,125
135,135
135,146
135,180
135,149
135,162
135,161
135,165
135,163
135,166
135,168
135,164
135,159
135,167
135,174
135,160
136,1
136,10
136,15
136,11
136,31
136,35
136,30
136,16
136,6
136,18
136,28
136,54
136,73
136,60
136,57
136,72
136,61
136,107
136,93
136,91
136,84
136,120
136,109
136,110
136,111
136,124
136,132
136,129
136,135
136,125
136,121
136,131
136,133
136,130
136,127
136,126
136,137
136,145
136,139
136,180
136,141
136,154
136,147
136,157
136,138
136,155
136,150
136,169
136,166
136,178
137,17
137,16
137,32
137,50
137,69
137,103
137,105
137,83
137,114
137,176
137,151
137,154
137,170
138,1
138,27
138,38
138,48
138,51
138,68
138,80
138,100
138,87
138,111
138,121
138,140
138,161
139,40
139,1
139,12
139,49
139,67
139,97
139,93
139,105
139,120
139,132
139,122
139,148
139,164
139,166
139,177
140,30
140,13
140,12
140,34
140,15
140,28
140,6
140,1
140,33
140,31
140,29
140,38
140,25
140,26
140,5
140,18
140,20
140,8
140,16
140,37
140,7
140,4
140,43
140,52
140,51
140,55
140,46
140,44
140,45
140,54
140,49
140,57
140,66
140,74
140,79
140,72
140,73
140,61
140,62
140,70
140,58
140,86
140,93
140,104
140,87
140,84
140,99
140,91
140,108
140,103
140,116
140,120
140,109
140,115
140,111
140,121
140,133
140,136
140,123
140,130
140,125
140,126
140,134
140,135
140,122
140,127
140,137
140,156
140,180
140,140
140,150
140,155
140,149
140,146
140,157
140,168
140,159
140,167
140,161
140,178
140,162
140,172
140,174
141,3
141,4
141,41
141,8
141,11
141,35
141,36
141,28
141,40
141,15
141,34
141,23
141,33
141,22
141,30
141,2
141,9
141,51
141,52
141,47
141,44
141,43
141,56
141,54
141,49
141,55
141,45
141,61
141,72
141,60
141,66
141,82
141,108
141,84
141,87
141,103
141,93
141,105
141,81
141,96
141,104
141,90
141,89
141,94
141,98
141,91
141,97
141,100
141,95
141,92
141,106
141,88
141,80
141,85
141,86
141,83
141,116
141,119
141,115
141,120
141,113
141,109
141,134
141,122
141,149
141,163
141,167
141,159
141,162
142,2
142,38
142,42
142,33
142,11
142,28
142,3
142,7
142,1
142,27
142,4
142,5
142,41
142,21
142,9
142,39
142,10
142,23
142,43
142,49
142,52
142,55
142,61
142,66
142,68
142,70
142,84
142,93
142,103
142,105
142,92
142,89
142,104
142,98
142,91
142,96
142,100
142,81
142,107
142,97
142,87
142,88
142,86
142,90
142,80
142,120
142,113
142,112
142,139
142,149
142,158
142,164
142,159
142,162
143,15
143,13
143,35
143,16
143,40
143,38
143,18
143,11
143,6
143,7
143,33
143,20
143,1
143,51
143,52
143,46
143,55
143,54
143,49
143,43
143,181
143,73
143,66
143,76
143,59
143,70
143,60
143,88
143,95
143,97
143,94
143,96
143,87
143,86
143,112
143,118
143,119
143,115
143,114
143,117
143,111
143,120
143,109
143,116
143,113
143,135
143,129
143,133
143,176
143,126
143,127
143,180
143,145
143,141
143,149
143,154
143,150
143,160
143,164
143,158
143,168
143,165
143,170
143,177
144,10
144,16
144,33
144,4
144,40
144,25
144,3
144,38
144,29
144,9
144,1
144,22
144,8
144,23
144,7
144,30
144,2
144,24
144,35
144,36
144,6
144,41
144,28
144,19
144,11
144,18
144,12
144,5
144,15
144,32
144,55
144,49
144,46
144,44
144,43
144,56
144,51
144,52
144,62
144,69
144,78
144,61
144,73
144,57
144,65
144,60
144,72
144,59
144,70
144,68
144,66
144,74
144,79
144,82
144,89
144,85
144,95
144,87
144,105
144,94
144,93
144,91
144,100
144,84
144,103
144,97
144,98
144,83
144,92
144,88
144,86
144,81
144,104
144,108
144,96
144,116
144,120
144,109
144,113
144,112
144,111
144,115
144,114
144,119
144,121
144,127
144,122
144,132
144,130
144,124
144,123
144,135
144,126
144,156
144,138
144,146
144,143
144,139
144,148
144,157
144,137
144,140
144,180
144,152
144,167
144,159
144,162
144,165
145,16
145,15
145,4
145,13
145,38
145,30
145,27
145,32
145,33
145,11
145,7
145,36
145,28
145,6
145,20
145,14
145,9
145,37
145,35
145,1
145,29
145,26
145,52
145,54
145,51
145,49
145,43
145,72
145,76
145,104
145,101
145,81
145,91
145,88
145,86
145,84
145,116
145,109
145,113
145,119
145,115
145,114
145,120
145,180
145,139
145,162
145,178
145,159
145,161
146,4
146,33
146,16
146,28
146,7
146,11
146,36
146,1
146,32
146,41
146,49
146,54
146,43
146,53
146,79
146,61
146,85
146,84
146,93
146,91
146,98
146,115
146,113
146,150
146,180
146,140
146,147
146,172
147,40
147,35
147,32
147,18
147,16
147,4
147,27
147,30
147,20
147,31
147,26
147,3
147,34
147,1
147,6
147,11
147,7
147,33
147,15
147,36
147,29
147,28
147,37
147,5
147,8
147,19
147,13
147,38
147,17
147,52
147,56
147,49
147,43
147,48
147,50
147,46
147,51
147,54
147,62
147,76
147,73
147,61
147,59
147,68
147,72
147,74
147,181
147,78
147,66
147,85
147,95
147,103
147,84
147,91
147,89
147,108
147,81
147,87
147,99
147,111
147,120
147,118
147,114
147,115
147,113
147,119
147,109
147,116
147,122
147,125
147,128
147,127
147,126
147,135
147,133
147,134
147,156
147,149
147,155
147,145
147,180
147,146
147,139
147,152
147,167
147,159
147,174
147,178
147,172
147,162
148,38
148,10
148,7
148,37
148,33
148,11
148,1
148,35
148,5
148,49
148,54
148,46
148,52
148,43
148,66
148,68
148,72
148,70
148,57
148,84
148,81
148,93
148,109
148,149
148,167
148,158
148,174
149,7
149,11
149,40
149,6
149,38
149,9
149,35
149,5
149,33
149,46
149,43
149,51
149,49
149,44
149,56
149,52
149,54
149,61
149,68
149,76
149,66
149,67
149,72
149,57
149,73
149,65
149,79
149,58
149,86
149,84
149,91
149,103
149,120
149,113
149,119
149,109
149,134
149,149
149,139
149,180
149,137
149,162
149,174
149,165
149,172
149,167
149,164
149,160
149,159
149,158
150,33
150,35
150,41
150,4
150,5
150,22
150,11
150,2
150,38
150,21
150,10
150,7
150,42
150,6
150,23
150,1
150,54
150,79
150,181
150,61
150,73
150,57
150,62
150,84
150,107
150,97
150,95
150,96
150,108
150,81
150,91
150,98
150,105
150,93
150,85
150,104
150,88
150,101
150,87
150,99
150,102
150,83
150,100
150,90
150,86
150,80
150,94
150,111
150,115
150,113
150,120
150,109
150,132
150,134
150,130
150,124
150,121
150,122
150,149
150,156
150,180
150,157
150,140
150,162
150,167
150,174
150,161
150,164
150,172
150,165
150,159
150,168
151,30
151,37
151,11
151,9
151,28
151,16
151,15
151,1
151,36
151,54
151,53
151,43
151,52
151,56
151,49
151,61
151,76
151,181
151,104
151,86
151,84
151,115
151,120
151,113
151,109
151,124
151,151
151,141
151,149
151,156
151,138
151,164
151,159
151,166
151,163
151,162
152,10
152,16
152,5
152,2
152,30
152,7
152,39
152,41
152,38
152,22
152,1
152,23
152,4
152,42
152,51
152,43
152,55
152,52
152,56
152,49
152,54
152,74
152,60
152,61
152,72
152,102
152,103
152,93
152,81
152,91
152,83
152,98
152,87
152,100
152,82
152,90
152,85
152,99
152,95
152,89
152,80
152,106
152,101
152,84
152,97
152,105
152,86
152,107
152,88
152,96
152,104
152,109
152,113
152,120
152,119
152,111
152,116
152,134
152,132
152,126
152,125
152,135
152,133
152,136
152,128
152,122
152,180
152,149
152,167
152,163
152,172
152,161
152,165
152,159
152,162
153,32
153,6
153,14
153,33
153,11
153,28
153,7
153,37
153,17
153,36
153,9
153,13
153,27
153,30
153,16
153,35
153,1
153,56
153,52
153,55
153,43
153,49
153,54
153,51
153,63
153,72
153,181
153,70
153,68
153,58
153,67
153,81
153,84
153,93
153,91
153,88
153,86
153,103
153,95
153,82
153,104
153,120
153,134
153,180
153,159
153,162
154,9
154,36
154,8
154,42
154,33
154,10
154,28
154,23
154,1
154,11
154,2
154,19
154,41
154,39
154,31
154,18
154,40
154,21
154,3
154,35
154,4
154,43
154,52
154,51
154,55
154,49
154,56
154,72
154,74
154,104
154,93
154,91
154,83
154,84
154,98
154,106
154,107
154,105
154,86
154,87
154,89
154,80
154,81
154,100
154,102
154,113
154,119
154,120
154,116
154,109
154,111
154,115
154,134
154,133
154,128
154,125
154,130
154,135
154,127
154,131
154,136
154,126
154,122
154,139
154,167
154,162
154,165
155,22
155,41
155,12
155,4
155,9
155,18
155,3
155,23
155,2
155,11
155,1
155,42
155,40
155,39
155,27
155,28
155,43
155,51
155,52
155,49
155,79
155,62
155,181
155,68
155,94
155,84
155,93
155,97
155,87
155,86
155,90
155,96
155,91
155,85
155,100
155,80
155,102
155,89
155,83
155,120
155,119
155,115
155,109
155,111
155,121
155,122
155,151
155,160
155,167
155,159
155,162
156,35
156,16
156,13
156,26
156,40
156,1
156,29
156,31
156,8
156,37
156,5
156,6
156,30
156,36
156,18
156,12
156,38
156,11
156,52
156,56
156,54
156,51
156,55
156,43
156,59
156,72
156,76
156,57
156,103
156,104
156,88
156,93
156,84
156,91
156,114
156,109
156,119
156,113
156,115
156,120
156,134
156,180
156,146
156,151
156,149
156,172
156,174
156,167
156,159
156,162
156,163
156,164
157,40
157,54
157,49
157,44
157,55
157,43
157,51
157,46
157,59
157,76
157,68
157,58
157,57
157,69
157,73
157,61
157,79
157,70
157,66
157,72
157,71
157,90
157,86
157,82
157,99
157,104
157,84
157,91
157,89
157,85
157,115
157,113
157,116
157,109
157,114
157,120
157,124
157,180
157,157
157,155
157,146
157,150
157,168
157,165
157,162
157,166
157,172
157,159
157,167
158,10
158,37
158,6
158,25
158,11
158,17
158,18
158,30
158,33
158,46
158,49
158,44
158,51
158,56
158,52
158,54
158,43
158,61
158,181
158,57
158,72
158,66
158,70
158,68
158,69
158,84
158,95
158,93
158,104
158,86
158,88
158,83
158,91
158,109
158,120
158,114
158,119
158,113
158,180
158,140
158,146
158,172
158,162
159,29
159,30
159,5
159,26
159,16
159,15
159,31
159,1
159,12
159,13
159,36
159,20
159,11
159,33
159,8
159,37
159,18
159,6
159,46
159,51
159,56
159,43
159,49
159,54
159,61
159,73
159,79
159,72
159,64
159,74
159,181
159,59
159,82
159,91
159,103
159,84
159,120
159,109
159,113
159,116
159,128
159,135
159,126
159,122
159,134
159,125
159,133
159,180
159,140
159,155
159,156
159,148
159,137
159,150
159,162
159,167
159,178
159,165
159,172
159,161
159,158
159,159
159,166
160,11
160,37
160,17
160,13
160,36
160,15
160,7
160,9
160,30
160,38
160,35
160,1
160,16
160,49
160,52
160,56
160,43
160,74
160,72
160,73
160,61
160,66
160,84
160,85
160,86
160,82
160,104
160,103
160,81
160,91
160,120
160,109
160,119
160,122
160,167
160,162
160,178
160,172
161,26
161,11
161,30
161,32
161,15
161,23
161,25
161,16
161,40
161,35
161,38
161,24
161,22
161,1
161,5
161,44
161,49
161,51
161,54
161,43
161,56
161,52
161,70
161,75
161,58
161,68
161,61
161,66
161,59
161,96
161,83
161,105
161,86
161,84
161,99
161,120
161,113
161,146
161,167
161,172
161,162
162,9
162,40
162,38
162,6
162,18
162,1
162,31
162,7
162,35
162,5
162,33
162,13
162,4
162,30
162,11
162,37
162,54
162,47
162,65
162,61
162,57
162,73
162,72
162,87
162,108
162,84
162,103
162,104
162,93
162,91
162,85
162,86
162,113
162,115
162,111
162,117
162,120
162,118
162,109
162,129
162,135
162,127
162,132
162,130
162,133
162,126
162,123
162,125
162,131
162,124
162,154
162,157
162,138
162,137
162,153
162,140
162,180
162,147
162,150
162,139
162,151
162,148
162,149
162,156
162,167
162,174
162,161
162,164
162,171
162,172
162,168
162,162
162,159
162,166
163,27
163,28
163,33
163,22
163,7
163,11
163,1
163,19
163,18
163,6
163,3
163,15
163,12
163,31
163,37
163,34
163,14
163,35
163,36
163,9
163,20
163,4
163,39
163,8
163,40
163,55
163,48
163,43
163,52
163,56
163,45
163,44
163,51
163,50
163,54
163,49
163,68
163,57
163,70
163,71
163,72
163,181
163,76
163,73
163,61
163,81
163,96
163,108
163,88
163,85
163,101
163,87
163,86
163,104
163,91
163,84
163,93
163,89
163,115
163,120
163,109
163,113
163,111
163,122
163,146
163,150
163,157
163,139
163,151
163,159
163,167
163,165
163,162
163,161
163,172
163,166
163,174
163,163
163,168
164,30
164,26
164,23
164,33
164,3
164,11
164,28
164,1
164,35
164,31
164,12
164,39
164,19
164,24
164,5
164,7
164,15
164,6
164,10
164,36
164,21
164,17
164,40
164,20
164,16
164,22
164,29
164,38
164,4
164,41
164,8
164,13
164,18
164,34
164,2
164,55
164,54
164,51
164,46
164,52
164,56
164,49
164,43
164,45
164,72
164,64
164,71
164,181
164,67
164,59
164,79
164,60
164,73
164,58
164,69
164,70
164,66
164,62
164,74
164,61
164,65
164,68
164,87
164,88
164,94
164,103
164,105
164,85
164,108
164,92
164,90
164,82
164,104
164,89
164,99
164,95
164,91
164,107
164,86
164,84
164,81
164,102
164,97
164,83
164,93
164,98
164,100
164,96
164,120
164,119
164,113
164,115
164,116
164,118
164,109
164,111
164,121
164,135
164,130
164,122
164,124
164,134
164,125
164,136
164,133
164,126
164,132
164,139
164,156
164,137
164,140
164,180
164,146
164,151
164,149
164,145
164,150
164,159
164,158
164,163
164,174
164,168
164,167
164,165
164,172
164,162
164,164
165,1
165,13
165,30
165,38
165,5
165,35
165,36
165,28
165,37
165,33
165,56
165,49
165,52
165,43
165,72
165,91
165,85
165,81
165,86
165,84
165,113
165,130
165,122
165,126
165,149
165,178
165,160
166,17
166,28
166,35
166,31
166,9
166,30
166,38
166,37
166,7
166,16
166,40
166,11
166,49
166,54
166,61
166,104
166,85
166,86
166,120
166,115
166,109
166,113
166,135
166,132
166,131
166,124
166,134
166,129
166,123
166,141
166,147
166,150
166,138
166,140
166,156
166,137
166,162
166,178
166,159
167,25
167,33
167,35
167,6
167,15
167,36
167,4
167,28
167,23
167,16
167,38
167,30
167,1
167,43
167,52
167,49
167,46
167,61
167,181
167,57
167,76
167,62
167,85
167,96
167,86
167,83
167,88
167,108
167,95
167,99
167,87
167,98
167,89
167,91
167,103
167,93
167,104
167,84
167,105
167,120
167,115
167,113
167,111
167,109
167,124
167,121
167,122
167,132
167,134
167,149
167,180
167,157
167,166
167,168
167,161
167,172
167,167
167,162
167,165
167,159
168,9
168,33
168,4
168,16
168,13
168,28
168,1
168,40
168,11
168,30
168,7
168,6
168,38
168,37
168,54
168,46
168,49
168,56
168,51
168,52
168,55
168,43
168,61
168,66
168,74
168,57
168,65
168,76
168,79
168,86
168,84
168,103
168,95
168,91
168,94
168,113
168,120
168,109
168,115
168,133
168,125
168,126
168,128
168,135
168,127
168,134
168,122
168,157
168,140
168,143
168,180
168,151
168,162
168,174
168,159
168,178
168,163
168,167
168,172
169,39
169,41
169,27
169,32
169,1
169,38
169,16
169,40
169,4
169,42
169,5
169,7
169,21
169,33
169,13
169,6
169,11
169,23
169,9
169,2
169,22
169,30
169,46
169,55
169,43
169,49
169,52
169,75
169,61
169,65
169,69
169,60
169,57
169,87
169,98
169,103
169,108
169,80
169,96
169,89
169,95
169,84
169,90
169,91
169,85
169,119
169,121
169,180
169,167
169,165
169,164
169,162
169,161
169,160
169,159
169,163
170,42
170,28
170,34
170,32
170,15
170,4
170,23
170,3
170,27
170,40
170,10
170,36
170,33
170,41
170,9
170,43
170,55
170,52
170,60
170,79
170,98
170,94
170,86
170,102
170,90
170,107
170,87
170,105
170,80
170,81
170,84
170,104
170,114
170,109
170,120
170,113
170,121
170,134
170,122
170,180
170,167
170,162
170,158
170,159
171,11
171,16
171,4
171,29
171,13
171,23
171,38
171,5
171,33
171,22
171,1
171,24
171,6
171,17
171,52
171,56
171,47
171,44
171,46
171,43
171,49
171,51
171,72
171,65
171,70
171,69
171,73
171,58
171,57
171,79
171,66
171,91
171,94
171,84
171,89
171,93
171,86
171,95
171,104
171,105
171,96
171,103
171,83
171,82
171,120
171,119
171,109
171,113
171,118
171,134
171,122
171,152
171,144
171,151
171,149
171,180
171,162
171,164
171,165
171,166
172,37
172,38
172,30
172,6
172,17
172,7
172,54
172,64
172,58
172,65
172,93
172,104
172,103
172,85
172,109
172,120
172,113
172,121
172,134
172,128
172,130
172,125
172,135
172,126
172,133
172,122
172,124
172,131
172,156
172,137
172,154
172,140
172,178
172,162
172,166
172,164
173,3
173,25
173,27
173,32
173,41
173,22
173,9
173,28
173,30
173,36
173,35
173,40
173,23
173,37
173,1
173,11
173,39
173,6
173,47
173,43
173,52
173,44
173,49
173,54
173,75
173,76
173,72
173,65
173,68
173,61
173,97
173,98
173,84
173,100
173,104
173,81
173,105
173,108
173,85
173,87
173,88
173,80
173,120
173,113
173,115
173,109
173,134
173,124
173,139
173,180
173,146
173,164
173,182
173,165
173,159
173,172
173,162
173,167
173,174
174,31
174,16
174,5
174,9
174,38
174,30
174,37
174,10
174,17
174,36
174,54
174,43
174,57
174,104
174,107
174,91
174,120
174,109
174,113
174,125
174,127
174,180
174,156
174,159
174,178
174,166
174,158
174,162
175,32
175,11
175,22
175,33
175,1
175,2
175,21
175,23
175,35
175,8
175,49
175,52
175,56
175,43
175,55
175,51
175,72
175,90
175,105
175,83
175,86
175,84
175,80
175,81
175,88
175,91
175,95
175,120
175,113
175,109
175,115
175,111
175,124
175,149
175,164
175,159
175,162
176,20
176,30
176,1
176,11
176,17
176,6
176,18
176,31
176,29
176,15
176,12
176,9
176,26
176,13
176,5
176,8
176,35
176,16
176,38
176,40
176,33
176,56
176,51
176,44
176,47
176,54
176,43
176,49
176,46
176,52
176,181
176,78
176,58
176,72
176,70
176,79
176,76
176,68
176,66
176,63
176,67
176,73
176,86
176,91
176,95
176,84
176,81
176,120
176,116
176,109
176,113
176,119
176,111
176,180
176,137
176,149
176,146
176,145
176,156
176,150
176,178
176,162
176,159
176,167
177,16
177,1
177,27
177,14
177,30
177,28
177,40
177,35
177,26
177,7
177,9
177,38
177,33
177,52
177,51
177,54
177,56
177,43
177,49
177,46
177,74
177,72
177,70
177,73
177,57
177,86
177,81
177,84
177,85
177,89
177,91
177,87
177,99
177,104
177,109
177,116
177,120
177,114
177,119
177,113
177,149
177,139
177,150
177,180
177,174
177,162
177,167
177,166
177,159
178,24
178,7
178,13
178,6
178,33
178,1
178,38
178,9
178,22
178,28
178,30
178,43
178,54
178,52
178,46
178,49
178,56
178,55
178,45
178,59
178,68
178,79
178,58
178,71
178,69
178,181
178,72
178,57
178,63
178,73
178,76
178,61
178,66
178,64
178,65
178,70
178,105
178,80
178,83
178,94
178,99
178,84
178,89
178,97
178,85
178,88
178,109
178,113
178,120
178,115
178,114
178,119
178,111
178,134
178,126
178,135
178,123
178,125
178,121
178,127
178,130
178,137
178,140
178,156
178,139
178,152
178,167
178,159
178,172
178,164
179,26
179,11
179,31
179,16
179,25
179,1
179,30
179,15
179,7
179,9
179,45
179,49
179,54
179,52
179,51
179,56
179,43
179,46
179,44
179,62
179,59
179,69
179,74
179,79
179,72
179,61
179,70
179,84
179,82
179,91
179,86
179,119
179,120
179,113
179,109
179,149
179,146
179,137
179,167
179,159
179,168
179,174
179,164
179,162
180,13
180,34
180,37
180,16
180,29
180,10
180,7
180,18
180,6
180,28
180,30
180,11
180,33
180,40
180,26
180,38
180,5
180,46
180,51
180,54
180,49
180,43
180,52
180,56
180,76
180,84
180,91
180,104
180,119
180,109
180,120
180,113
180,122
180,152
180,145
180,137
180,156
180,146
180,140
180,150
180,180
180,163
180,167
180,164
180,174
181,5
181,15
181,33
181,16
181,1
181,37
181,17
181,28
181,30
181,13
181,11
181,49
181,43
181,44
181,54
181,59
181,76
181,57
181,64
181,86
181,84
181,104
181,93
181,87
181,82
181,113
181,120
181,134
181,175
181,136
181,131
181,133
181,121
181,122
181,135
181,176
181,150
181,152
181,180
181,168
181,167
181,183
181,178
182,21
182,6
182,28
182,43
182,47
182,68
182,57
182,108
182,84
182,98
182,118
182,176
182,151
182,160
183,17
183,15
183,6
183,33
183,24
183,41
183,2
183,36
183,38
183,5
183,13
183,16
183,40
183,39
183,27
183,30
183,23
183,21
183,31
183,26
183,7
183,22
183,11
183,19
183,18
183,28
183,1
183,4
183,35
183,9
183,20
183,32
183,14
183,3
183,51
183,49
183,52
183,56
183,47
183,55
183,54
183,46
183,43
183,53
183,57
183,61
183,88
183,93
183,89
183,81
183,91
183,98
183,86
183,83
183,105
183,84
183,94
183,104
183,99
183,100
183,103
183,87
183,85
183,97
183,82
183,96
183,112
183,115
183,120
183,113
183,119
183,132
183,180
183,149
183,151
183,148
183,162
183,164
183,159
183,174
184,32
184,13
184,5
184,17
184,7
184,33
184,36
184,38
184,43
184,49
184,72
184,181
184,57
184,84
184,104
184,85
184,89
184,120
184,109
184,115
184,113
184,112
184,128
184,124
184,127
184,130
184,121
184,126
184,150
184,162
185,11
185,40
185,2
185,36
185,39
185,42
185,4
185,9
185,5
185,30
185,28
185,33
185,1
185,15
185,3
185,6
185,51
185,43
185,49
185,52
185,55
185,56
185,75
185,66
185,72
185,68
185,181
185,86
185,83
185,97
185,104
185,80
185,89
185,91
185,101
185,87
185,105
185,92
185,96
185,93
185,81
185,88
185,84
185,102
185,94
185,100
185,120
185,109
185,113
185,119
185,139
185,162
185,159
186,23
186,4
186,32
186,17
186,28
186,6
186,19
186,3
186,13
186,1
186,40
186,5
186,25
186,9
186,30
186,36
186,7
186,33
186,2
186,22
186,10
186,15
186,52
186,43
186,47
186,49
186,56
186,51
186,44
186,45
186,55
186,68
186,66
186,71
186,72
186,89
186,91
186,87
186,101
186,83
186,80
186,86
186,104
186,84
186,85
186,94
186,93
186,102
186,81
186,114
186,119
186,116
186,113
186,120
186,134
186,121
186,122
186,180
186,167
186,161
186,159
187,36
187,11
187,15
187,10
187,37
187,19
187,40
187,32
187,9
187,27
187,1
187,30
187,16
187,33
187,14
187,38
187,28
187,49
187,43
187,55
187,52
187,54
187,51
187,56
187,68
187,76
187,72
187,58
187,64
187,70
187,61
187,67
187,66
187,99
187,104
187,88
187,98
187,85
187,81
187,84
187,87
187,93
187,95
187,91
187,103
187,86
187,120
187,113
187,111
187,112
187,109
187,134
187,121
187,180
187,139
187,149
187,146
187,165
187,162
187,164
187,159
188,40
188,15
188,35
188,11
188,4
188,23
188,42
188,8
188,28
188,13
188,10
188,47
188,49
188,52
188,43
188,55
188,50
188,51
188,68
188,58
188,61
188,66
188,72
188,181
188,73
188,65
188,71
188,96
188,89
188,100
188,108
188,92
188,113
188,112
188,120
188,119
188,124
188,146
188,149
188,167
188,159
188,158
188,162
189,36
189,14
189,38
189,40
189,35
189,30
189,11
189,27
189,25
189,9
189,4
189,1
189,28
189,6
189,10
189,15
189,54
189,49
189,56
189,44
189,43
189,52
189,51
189,72
189,181
189,63
189,91
189,81
189,84
189,97
189,86
189,85
189,95
189,115
189,120
189,119
189,113
189,150
189,162
190,6
190,16
190,9
190,29
190,27
190,28
190,33
190,14
190,38
190,7
190,1
190,5
190,35
190,17
190,15
190,54
190,43
190,49
190,50
190,52
190,44
190,47
190,56
190,51
190,72
190,65
190,61
190,70
190,74
190,78
190,64
190,181
190,67
190,62
190,73
190,68
190,60
190,79
190,57
190,98
190,100
190,94
190,84
190,96
190,82
190,88
190,99
190,93
190,108
190,101
190,86
190,87
190,85
190,91
190,81
190,104
190,103
190,112
190,120
190,115
190,114
190,109
190,113
190,116
190,124
190,127
190,132
190,121
190,125
190,131
190,123
190,146
190,149
190,157
190,164
190,168
190,167
190,162
190,161
190,159
190,172
190,160
191,36
191,30
191,9
191,38
191,4
191,16
191,19
191,27
191,33
191,28
191,11
191,1
191,54
191,47
191,56
191,43
191,52
191,51
191,49
191,61
191,72
191,181
191,66
191,95
191,94
191,84
191,91
191,86
191,103
191,87
191,81
191,113
191,114
191,120
191,119
191,124
191,180
191,162
191,174
191,178
191,159
192,40
192,11
192,14
192,10
192,7
192,37
192,56
192,54
192,50
192,49
192,52
192,46
192,43
192,51
192,181
192,86
192,97
192,95
192,84
192,106
192,82
192,99
192,93
192,101
192,88
192,107
192,114
192,119
192,120
192,115
192,112
192,113
192,145
192,151
192,143
192,156
192,138
192,137
192,153
192,155
192,180
192,154
192,147
192,152
192,144
192,139
192,149
192,146
192,148
192,140
192,150
192,166
192,158
192,159
193,38
193,7
193,30
193,16
193,35
193,1
193,4
193,39
193,52
193,72
193,75
193,91
193,88
193,98
193,112
193,113
193,136
193,145
193,174
194,13
194,33
194,1
194,16
194,4
194,10
194,15
194,35
194,30
194,39
194,49
194,45
194,54
194,72
194,84
194,120
194,109
194,113
194,112
194,134
194,124
194,132
194,151
194,161
194,159
194,164
194,167
195,4
195,16
195,38
195,35
195,13
195,5
195,7
195,2
195,39
195,1
195,42
195,11
195,9
195,23
195,30
195,21
195,54
195,51
195,43
195,56
195,47
195,52
195,61
195,72
195,60
195,66
195,62
195,88
195,102
195,91
195,80
195,98
195,93
195,95
195,97
195,101
195,94
195,86
195,83
195,100
195,84
195,106
195,89
195,104
195,96
195,108
195,81
195,103
195,109
195,120
195,115
195,114
195,116
195,113
195,119
195,149
195,162
195,167
195,168
195,166
196,25
196,11
196,22
196,1
196,38
196,16
196,23
196,5
196,35
196,42
196,33
196,2
196,17
196,7
196,10
196,9
196,4
196,30
196,40
196,43
196,50
196,44
196,49
196,52
196,47
196,72
196,61
196,93
196,84
196,80
196,91
196,83
196,81
196,106
196,99
196,107
196,88
196,104
196,98
196,102
196,103
196,94
196,96
196,86
196,89
196,120
196,114
196,109
196,113
196,122
196,154
196,180
196,159
196,163
196,162
197,12
197,7
197,11
197,16
197,35
197,18
197,10
197,6
197,40
197,1
197,25
197,5
197,28
197,33
197,30
197,15
197,29
197,9
197,20
197,13
197,26
197,22
197,19
197,38
197,23
197,53
197,52
197,50
197,44
197,47
197,45
197,51
197,56
197,54
197,43
197,46
197,55
197,48
197,72
197,61
197,70
197,64
197,79
197,74
197,66
197,181
197,62
197,57
197,65
197,63
197,85
197,102
197,93
197,87
197,97
197,98
197,104
197,100
197,105
197,91
197,94
197,90
197,107
197,103
197,84
197,99
197,108
197,96
197,86
197,88
197,89
197,115
197,113
197,118
197,120
197,109
197,119
197,114
197,111
197,132
197,121
197,133
197,122
197,134
197,157
197,137
197,155
197,145
197,180
197,139
197,149
197,138
197,168
197,178
197,167
197,159
197,174
197,158
197,160
197,164
197,165
197,162
198,6
198,21
198,10
198,31
198,4
198,30
198,17
198,22
198,38
198,19
198,23
198,1
198,25
198,2
198,33
198,52
198,54
198,51
198,43
198,55
198,49
198,44
198,56
198,75
198,72
198,62
198,181
198,57
198,64
198,67
198,66
198,68
198,71
198,58
198,88
198,102
198,94
198,96
198,91
198,93
198,86
198,80
198,98
198,99
198,89
198,100
198,84
198,104
198,83
198,97
198,109
198,119
198,112
198,115
198,113
198,114
198,120
198,111
198,131
198,125
198,135
198,134
198,123
198,122
198,133
198,128
198,130
198,126
198,127
198,149
198,180
198,162
198,172
198,161
198,159
198,165
198,168
199,6
199,21
199,41
199,1
199,10
199,23
199,4
199,33
199,30
199,47
199,56
199,43
199,52
199,49
199,72
199,71
199,61
199,181
199,80
199,104
199,91
199,83
199,86
199,84
199,93
199,89
199,87
199,85
199,97
199,100
199,96
199,88
199,119
199,120
199,114
199,116
199,109
199,115
199,113
199,111
199,124
199,122
199,126
199,130
199,123
199,134
199,121
199,180
199,162
199,159
200,2
200,7
200,23
200,4
200,41
200,1
200,11
200,54
200,63
200,74
200,61
200,58
200,66
200,78
200,72
200,97
200,84
200,85
200,105
200,96
200,80
200,102
200,87
200,99
200,88
200,89
200,100
200,86
200,91
200,101
200,83
200,120
200,159
200,177
200,172
200,167
201,6
201,23
201,17
201,33
201,2
201,25
201,4
201,1
201,10
201,36
201,31
201,11
201,56
201,52
201,43
201,47
201,53
201,49
201,55
201,51
201,44
201,79
201,102
201,104
201,82
201,84
201,83
201,105
201,81
201,93
201,94
201,101
201,80
201,91
201,99
201,88
201,103
201,100
201,96
201,86
201,115
201,120
201,113
201,133
201,130
201,124
201,127
201,131
201,122
201,134
201,135
201,149
201,159
201,162
201,167
201,158
202,10
202,4
202,41
202,15
202,25
202,33
202,22
202,36
202,39
202,30
202,1
202,2
202,28
202,9
202,11
202,7
202,35
202,23
202,44
202,43
202,52
202,55
202,51
202,45
202,54
202,49
202,68
202,71
202,66
202,78
202,181
202,72
202,79
202,107
202,104
202,81
202,106
202,97
202,93
202,98
202,87
202,100
202,103
202,83
202,96
202,102
202,94
202,86
202,84
202,88
202,91
202,105
202,90
202,113
202,120
202,115
202,114
202,119
202,109
202,135
202,124
202,134
202,130
202,127
202,125
202,121
202,133
202,146
202,178
202,162
202,174
202,165
202,159
202,172
202,167
203,40
203,21
203,42
203,13
203,27
203,36
203,1
203,41
203,25
203,9
203,30
203,33
203,43
203,54
203,49
203,56
203,52
203,72
203,76
203,66
203,86
203,104
203,91
203,88
203,119
203,112
203,113
203,120
203,125
203,135
203,180
203,156
203,162
203,159
203,167
204,11
204,38
204,7
204,2
204,6
204,41
204,4
204,39
204,16
204,35
204,51
204,52
204,55
204,49
204,54
204,66
204,72
204,57
204,58
204,97
204,100
204,106
204,81
204,103
204,86
204,91
204,84
204,96
204,88
204,80
204,101
204,120
204,113
204,109
204,111
204,134
204,153
204,137
204,138
204,147
204,149
204,154
204,148
204,141
204,159
204,162
204,166
204,174
205,26
205,35
205,18
205,1
205,19
205,8
205,33
205,39
205,2
205,15
205,28
205,23
205,3
205,36
205,12
205,10
205,20
205,31
205,9
205,50
205,49
205,43
205,72
205,98
205,91
205,87
205,93
205,92
205,80
205,106
205,88
205,89
205,97
205,83
205,81
205,100
205,84
205,105
205,86
205,94
205,96
205,104
205,120
205,113
205,180
205,162
205,159
206,9
206,15
206,10
206,27
206,22
206,14
206,23
206,36
206,2
206,32
206,33
206,35
206,28
206,30
206,11
206,42
206,4
206,38
206,21
206,3
206,39
206,7
206,49
206,43
206,52
206,56
206,54
206,72
206,74
206,66
206,96
206,80
206,100
206,93
206,84
206,88
206,91
206,94
206,89
206,81
206,102
206,83
206,104
206,92
206,98
206,87
206,86
206,85
206,111
206,120
206,113
206,121
206,180
206,167
206,159
206,178
207,9
207,44
207,68
207,66
207,59
207,99
207,89
207,107
207,111
207,118
207,112
207,119
207,115
207,175
207,121
207,129
207,136
207,132
207,133
207,149
207,139
207,152
207,143
207,146
207,137
207,148
207,182
208,22
208,11
208,13
208,24
208,40
208,17
208,7
208,16
208,38
208,10
208,35
208,30
208,1
208,36
208,54
208,61
208,57
208,65
208,72
208,75
208,89
208,83
208,84
208,92
208,96
208,87
208,86
208,82
208,80
208,88
208,98
208,107
208,94
208,104
208,91
208,103
208,97
208,81
208,100
208,102
208,120
208,110
208,113
208,130
208,135
208,131
208,129
208,127
208,126
208,136
208,125
208,132
208,123
208,124
208,138
208,156
208,148
208,151
208,147
208,162
208,171
209,32
209,24
209,41
209,33
209,1
209,15
209,16
209,2
209,5
209,7
209,6
209,9
209,17
209,39
209,38
209,30
209,4
209,21
209,23
209,11
209,10
209,35
209,43
209,47
209,56
209,51
209,46
209,54
209,49
209,52
209,60
209,78
209,76
209,67
209,62
209,79
209,57
209,61
209,66
209,72
209,73
209,70
209,68
209,71
209,59
209,58
209,95
209,104
209,81
209,105
209,84
209,102
209,106
209,89
209,99
209,103
209,94
209,91
209,86
209,83
209,92
209,98
209,93
209,108
209,88
209,80
209,96
209,100
209,87
209,113
209,109
209,115
209,120
209,111
209,180
209,146
209,165
209,159
209,168
209,166
209,167
210,14
210,38
210,33
210,36
210,28
210,7
210,10
210,27
210,37
210,9
210,17
210,1
210,30
210,16
210,50
210,52
210,56
210,51
210,49
210,55
210,54
210,43
210,61
210,89
210,91
210,95
210,84
210,81
210,87
210,103
210,101
210,86
210,115
210,113
210,120
210,112
210,109
210,119
210,139
210,174
210,162
210,163
210,159
211,15
211,19
211,30
211,16
211,36
211,7
211,37
211,40
211,28
211,11
211,35
211,33
211,1
211,9
211,17
211,56
211,51
211,49
211,52
211,43
211,54
211,55
211,72
211,66
211,58
211,68
211,57
211,181
211,103
211,86
211,91
211,90
211,95
211,89
211,102
211,94
211,81
211,93
211,84
211,116
211,114
211,109
211,120
211,112
211,175
211,176
211,180
211,162
211,159
212,42
212,36
212,27
212,7
212,19
212,1
212,38
212,23
212,17
212,11
212,4
212,9
212,32
212,41
212,6
212,40
212,28
212,33
212,35
212,3
212,8
212,18
212,21
212,2
212,54
212,43
212,52
212,55
212,56
212,49
212,76
212,72
212,74
212,62
212,66
212,61
212,67
212,60
212,68
212,75
212,95
212,89
212,90
212,94
212,96
212,81
212,102
212,88
212,83
212,103
212,80
212,84
212,99
212,97
212,108
212,105
212,86
212,91
212,114
212,116
212,112
212,115
212,109
212,120
212,113
212,111
212,122
212,127
212,132
212,135
212,125
212,134
212,126
212,180
212,162
212,168
212,178
212,167
212,172
212,161
213,1
213,28
213,33
213,15
213,4
213,9
213,23
213,19
213,41
213,3
213,56
213,49
213,43
213,52
213,63
213,84
213,83
213,87
213,86
213,104
213,93
213,91
213,81
213,85
213,97
213,98
213,102
213,89
213,120
213,111
213,113
213,122
213,121
213,180
213,167
213,159
213,162
214,33
214,38
214,19
214,9
214,1
214,4
214,39
214,6
214,13
214,10
214,35
214,43
214,55
214,52
214,44
214,49
214,54
214,53
214,72
214,181
214,88
214,86
214,94
214,104
214,91
214,93
214,120
214,127
214,130
214,123
214,134
214,121
214,124
214,126
214,125
214,133
214,140
214,138
214,137
214,180
214,149
214,162
214,165
214,166
214,161
214,159
214,164
214,178
215,1
215,49
215,61
215,91
215,179
215,86
215,87
215,84
215,93
215,103
215,85
215,109
215,112
215,116
215,120
215,113
215,135
215,132
215,125
215,131
215,123
215,124
215,154
215,156
215,147
215,155
215,150
215,138
215,149
215,153
215,148
215,180
215,162
215,164
215,159
216,10
216,33
216,11
216,30
216,32
216,28
216,15
216,1
216,14
216,27
216,38
216,16
216,54
216,49
216,43
216,56
216,62
216,70
216,72
216,61
216,94
216,84
216,104
216,89
216,86
216,91
216,81
216,109
216,120
216,119
216,139
217,33
217,42
217,11
217,16
217,39
217,36
217,22
217,35
217,10
217,15
217,38
217,14
217,25
217,32
217,13
217,40
217,47
217,55
217,54
217,49
217,44
217,65
217,62
217,68
217,74
217,72
217,59
217,61
217,66
217,57
217,103
217,105
217,81
217,84
217,95
217,106
217,100
217,101
217,104
217,87
217,83
217,92
217,97
217,94
217,89
217,88
217,91
217,93
217,98
217,102
217,80
217,96
217,107
217,86
217,113
217,109
217,112
217,111
217,120
217,130
217,132
217,127
217,126
217,135
217,122
217,124
217,134
217,123
217,121
217,149
217,138
217,139
217,180
217,151
217,154
217,153
217,147
217,145
217,162
217,164
217,168
218,16
218,18
218,28
218,11
218,40
218,27
218,30
218,9
218,36
218,19
218,15
218,35
218,3
218,26
218,17
218,14
218,1
218,7
218,37
218,33
218,42
218,41
218,29
218,32
218,38
218,49
218,55
218,51
218,54
218,43
218,52
218,72
218,66
218,97
218,95
218,86
218,119
218,113
218,109
218,114
218,120
218,112
218,151
218,159
218,172
218,166
218,174
218,163
219,30
219,25
219,24
219,38
219,35
219,32
219,10
219,11
219,3
219,23
219,7
219,21
219,15
219,1
219,40
219,13
219,5
219,16
219,19
219,33
219,46
219,55
219,52
219,43
219,56
219,54
219,51
219,44
219,47
219,70
219,79
219,181
219,64
219,68
219,71
219,73
219,61
219,72
219,57
219,75
219,60
219,78
219,96
219,107
219,91
219,89
219,104
219,105
219,98
219,83
219,84
219,93
219,85
219,101
219,81
219,102
219,90
219,99
219,88
219,103
219,108
219,100
219,97
219,94
219,82
219,87
219,86
219,115
219,116
219,120
219,109
219,113
219,119
219,112
219,131
219,130
219,135
219,126
219,124
219,123
219,121
219,132
219,134
219,127
219,122
219,133
219,136
219,125
219,128
219,180
219,149
219,156
219,150
219,138
219,154
219,151
219,144
219,140
219,137
219,161
219,163
219,159
219,165
219,166
219,174
219,167
219,162
219,178
220,34
220,3
220,10
220,42
220,13
220,30
220,2
220,26
220,25
220,36
220,28
220,37
220,31
220,50
220,55
220,68
220,64
220,72
220,83
220,89
220,92
220,86
220,119
220,111
220,118
220,145
220,140
220,174
221,15
221,11
221,4
221,39
221,21
221,41
221,27
221,42
221,28
221,1
221,14
221,36
221,33
221,51
221,49
221,54
221,43
221,181
221,63
221,88
221,81
221,102
221,86
221,80
221,84
221,91
221,120
221,114
221,112
221,113
221,180
221,167
221,161
221,159
222,13
222,30
222,1
222,43
222,49
222,70
222,86
222,84
222,91
222,120
222,113
222,115
222,122
222,180
222,162
223,7
223,41
223,1
223,11
223,30
223,5
223,16
223,4
223,38
223,15
223,23
223,33
223,17
223,9
223,6
223,40
223,55
223,49
223,52
223,54
223,43
223,56
223,61
223,66
223,62
223,58
223,79
223,65
223,57
223,72
223,64
223,60
223,74
223,78
223,89
223,85
223,103
223,98
223,104
223,81
223,97
223,96
223,105
223,88
223,91
223,82
223,101
223,93
223,84
223,87
223,86
223,99
223,83
223,102
223,92
223,113
223,119
223,112
223,120
223,109
223,132
223,134
223,122
223,180
223,149
223,163
223,172
223,159
223,161
223,162
223,164
224,13
224,6
224,31
224,46
224,49
224,54
224,43
224,56
224,52
224,51
224,44
224,55
224,66
224,70
224,72
224,76
224,59
224,79
224,69
224,96
224,94
224,86
224,81
224,99
224,84
224,111
224,116
224,115
224,109
224,113
224,134
224,155
224,180
224,146
224,144
224,159
224,158
224,165
224,174
224,162
224,167
225,6
225,30
225,38
225,4
225,42
225,1
225,11
225,5
225,47
225,61
225,74
225,91
225,103
225,83
225,88
225,104
225,93
225,86
225,115
225,132
225,127
225,122
225,125
225,123
225,131
225,134
225,135
225,126
225,124
225,130
225,121
225,149
225,167
226,27
226,9
226,7
226,41
226,16
226,30
226,14
226,36
226,33
226,18
226,40
226,11
226,15
226,4
226,17
226,2
226,8
226,35
226,38
226,23
226,31
226,28
226,42
226,6
226,22
226,1
226,52
226,55
226,56
226,49
226,51
226,43
226,78
226,61
226,87
226,92
226,88
226,102
226,80
226,84
226,91
226,99
226,83
226,113
226,109
226,115
226,120
226,139
226,162
226,159
227,4
227,6
227,7
227,30
227,5
227,41
227,11
227,22
227,33
227,13
227,2
227,25
227,56
227,52
227,49
227,44
227,45
227,55
227,51
227,46
227,43
227,61
227,57
227,72
227,65
227,73
227,74
227,70
227,62
227,88
227,86
227,91
227,93
227,90
227,83
227,84
227,105
227,103
227,85
227,96
227,102
227,94
227,80
227,82
227,92
227,87
227,116
227,111
227,113
227,109
227,120
227,122
227,121
227,132
227,125
227,131
227,135
227,133
227,130
227,134
227,180
227,137
227,150
227,149
227,172
227,159
227,162
227,158
227,167
228,8
228,19
228,20
228,15
228,28
228,40
228,43
228,52
228,49
228,75
228,72
228,84
228,80
228,93
228,100
228,97
228,96
228,106
228,113
228,120
228,138
228,162
228,166
229,23
229,38
229,35
229,11
229,49
229,75
229,66
229,91
229,85
229,104
229,97
229,108
229,84
229,120
229,180
229,172
229,159
230,5
230,11
230,16
230,7
230,56
230,52
230,66
230,84
230,81
230,104
230,120
230,128
230,122
230,150
230,159
231,7
231,16
231,38
231,36
231,11
231,37
231,35
231,9
231,54
231,56
231,43
231,63
231,89
231,91
231,84
231,103
231,119
231,120
231,113
231,109
231,124
231,125
231,149
231,159
231,178
231,166
231,174
232,6
232,7
232,30
232,5
232,41
232,11
232,22
232,33